reportDate,totalKilled,totalInjured,childrenKilled,womenKilled,menKilled,civilDefenseKilled,medicalPersonnelKilled,pressKilled,dailyAverageKilled,dailyAverageInjured,dailyAverageKilledChildren,dailyAverageKilledWomen,dailyAverageKilledMen,dailyAverageCivdefKilled,dailyAverageMedKilled,dailyAveragePressKilled,fiveDayAverageKilled,fiveDayAverageInjured,fiveDayAverageKilledChildren,fiveDayAverageKilledWomen,fiveDayAverageKilledMen,fiveDayAverageCivdefKilled,fiveDayAverageMedKilled,fiveDayAveragePressKilled,fiveDayTotalKilled,fiveDayTotalInjured,fiveDayTotalKilledChildren,fiveDayTotalKilledWomen,fiveDayTotalKilledMen,fiveDayTotalCivdefKilled,fiveDayTotalMedKilled,fiveDayTotalPressKilled
2023-10-07,232,1610,0,0,232,0,6,1,0.8754716981132076,6.0754716981132075,0,0,0.8754716981132076,0,0.022641509433962263,0.0037735849056603774,undefined,undefined,undefined,undefined,undefined,undefined,undefined,undefined,undefined,undefined,undefined,undefined,undefined,undefined,undefined,undefined
2023-10-08,370,1788,78,41,251,0,6,1,1.3962264150943395,6.747169811320755,0.2943396226415094,0.15471698113207547,0.9471698113207547,0,0.022641509433962263,0.0037735849056603774,undefined,undefined,undefined,undefined,undefined,undefined,undefined,undefined,undefined,undefined,undefined,undefined,undefined,undefined,undefined,undefined
2023-10-09,560,2271,91,61,408,0,6,3,2.1132075471698113,8.569811320754717,0.3433962264150943,0.23018867924528302,1.539622641509434,0,0.022641509433962263,0.011320754716981131,undefined,undefined,undefined,undefined,undefined,undefined,undefined,undefined,undefined,undefined,undefined,undefined,undefined,undefined,undefined,undefined
2023-10-10,900,4000,260,230,410,0,6,7,3.3962264150943398,15.09433962264151,0.9811320754716981,0.8679245283018868,1.5471698113207548,0,0.022641509433962263,0.026415094339622643,undefined,undefined,undefined,undefined,undefined,undefined,undefined,undefined,undefined,undefined,undefined,undefined,undefined,undefined,undefined,undefined
2023-10-11,1100,5184,398,230,472,0,10,7,4.150943396226415,19.562264150943395,1.5018867924528303,0.8679245283018868,1.7811320754716982,0,0.03773584905660377,0.026415094339622643,undefined,undefined,undefined,undefined,undefined,undefined,undefined,undefined,undefined,undefined,undefined,undefined,undefined,undefined,undefined,undefined
2023-10-12,1417,5763,500,276,641,0,11,7,5.347169811320755,21.747169811320756,1.8867924528301887,1.0415094339622641,2.418867924528302,0,0.04150943396226415,0.026415094339622643,undefined,undefined,undefined,undefined,undefined,undefined,undefined,undefined,undefined,undefined,undefined,undefined,undefined,undefined,undefined,undefined
2023-10-13,1900,7238,500,392,1008,0,11,7,7.169811320754717,27.31320754716981,1.8867924528301887,1.4792452830188678,3.8037735849056604,0,0.04150943396226415,0.026415094339622643,undefined,undefined,undefined,undefined,undefined,undefined,undefined,undefined,undefined,undefined,undefined,undefined,undefined,undefined,undefined,undefined
2023-10-14,2228,8714,600,600,1028,0,11,7,8.407547169811322,32.88301886792453,2.2641509433962264,2.2641509433962264,3.879245283018868,0,0.04150943396226415,0.026415094339622643,undefined,undefined,undefined,undefined,undefined,undefined,undefined,undefined,undefined,undefined,undefined,undefined,undefined,undefined,undefined,undefined
2023-10-15,2670,9200,700,735,1235,0,11,7,10.075471698113208,34.716981132075475,2.641509433962264,2.7735849056603774,4.660377358490566,0,0.04150943396226415,0.026415094339622643,undefined,undefined,undefined,undefined,undefined,undefined,undefined,undefined,undefined,undefined,undefined,undefined,undefined,undefined,undefined,undefined
2023-10-16,2808,10850,853,936,1019,7,37,7,10.596226415094339,40.943396226415096,3.218867924528302,3.5320754716981133,3.8452830188679243,0.026415094339622643,0.13962264150943396,0.026415094339622643,undefined,undefined,undefined,undefined,undefined,undefined,undefined,undefined,undefined,undefined,undefined,undefined,undefined,undefined,undefined,undefined
2023-10-17,3000,11457,940,936,1124,7,37,16,11.320754716981131,43.23396226415095,3.547169811320755,3.5320754716981133,4.241509433962264,0.026415094339622643,0.13962264150943396,0.06037735849056604,undefined,undefined,undefined,undefined,undefined,undefined,undefined,undefined,undefined,undefined,undefined,undefined,undefined,undefined,undefined,undefined
2023-10-18,3478,12065,1000,936,1542,7,37,16,13.124528301886793,45.528301886792455,3.7735849056603774,3.5320754716981133,5.818867924528302,0.026415094339622643,0.13962264150943396,0.06037735849056604,undefined,undefined,undefined,undefined,undefined,undefined,undefined,undefined,undefined,undefined,undefined,undefined,undefined,undefined,undefined,undefined
2023-10-19,3785,12493,1524,936,1325,7,44,16,14.283018867924529,47.14339622641509,5.750943396226415,3.5320754716981133,5,0.026415094339622643,0.1660377358490566,0.06037735849056604,undefined,undefined,undefined,undefined,undefined,undefined,undefined,undefined,undefined,undefined,undefined,undefined,undefined,undefined,undefined,undefined
2023-10-20,4137,13162,1756,936,1445,7,46,16,15.611320754716981,49.66792452830189,6.626415094339623,3.5320754716981133,5.452830188679245,0.026415094339622643,0.17358490566037735,0.06037735849056604,undefined,undefined,undefined,undefined,undefined,undefined,undefined,undefined,undefined,undefined,undefined,undefined,undefined,undefined,undefined,undefined
2023-10-21,4385,13561,1756,967,1662,7,51,16,16.547169811320753,51.17358490566038,6.626415094339623,3.6490566037735848,6.271698113207547,0.026415094339622643,0.19245283018867926,0.06037735849056604,undefined,undefined,undefined,undefined,undefined,undefined,undefined,undefined,undefined,undefined,undefined,undefined,undefined,undefined,undefined,undefined
2023-10-22,4651,14245,1873,1023,1755,7,54,16,17.550943396226415,53.75471698113208,7.067924528301887,3.860377358490566,6.622641509433962,0.026415094339622643,0.2037735849056604,0.06037735849056604,undefined,undefined,undefined,undefined,undefined,undefined,undefined,undefined,undefined,undefined,undefined,undefined,undefined,undefined,undefined,undefined
2023-10-23,5087,15273,2055,1119,1913,7,57,16,19.19622641509434,57.633962264150945,7.754716981132075,4.222641509433962,7.218867924528302,0.026415094339622643,0.21509433962264152,0.06037735849056604,undefined,undefined,undefined,undefined,undefined,undefined,undefined,undefined,undefined,undefined,undefined,undefined,undefined,undefined,undefined,undefined
2023-10-24,5791,16297,2360,1292,2139,7,65,16,21.852830188679246,61.49811320754717,8.90566037735849,4.875471698113207,8.071698113207548,0.026415094339622643,0.24528301886792453,0.06037735849056604,undefined,undefined,undefined,undefined,undefined,undefined,undefined,undefined,undefined,undefined,undefined,undefined,undefined,undefined,undefined,undefined
2023-10-25,6547,17439,2704,1584,2259,7,73,16,24.70566037735849,65.80754716981131,10.20377358490566,5.977358490566037,8.524528301886793,0.026415094339622643,0.27547169811320754,0.06037735849056604,undefined,undefined,undefined,undefined,undefined,undefined,undefined,undefined,undefined,undefined,undefined,undefined,undefined,undefined,undefined,undefined
2023-10-26,7028,18482,3038,1600,2390,7,101,16,26.52075471698113,69.7433962264151,11.464150943396227,6.037735849056604,9.018867924528301,0.026415094339622643,0.38113207547169814,0.06037735849056604,undefined,undefined,undefined,undefined,undefined,undefined,undefined,undefined,undefined,undefined,undefined,undefined,undefined,undefined,undefined,undefined
2023-10-27,7326,18967,3038,1726,2562,7,104,16,27.645283018867925,71.57358490566038,11.464150943396227,6.513207547169811,9.667924528301887,0.026415094339622643,0.39245283018867927,0.06037735849056604,undefined,undefined,undefined,undefined,undefined,undefined,undefined,undefined,undefined,undefined,undefined,undefined,undefined,undefined,undefined,undefined
2023-10-28,7703,19604,3168,1916,2619,7,104,16,29.067924528301887,73.97735849056603,11.954716981132075,7.230188679245283,9.883018867924529,0.026415094339622643,0.39245283018867927,0.06037735849056604,undefined,undefined,undefined,undefined,undefined,undefined,undefined,undefined,undefined,undefined,undefined,undefined,undefined,undefined,undefined,undefined
2023-10-29,8005,20242,3324,2062,2619,7,116,16,30.20754716981132,76.38490566037736,12.543396226415094,7.781132075471698,9.883018867924529,0.026415094339622643,0.4377358490566038,0.06037735849056604,undefined,undefined,undefined,undefined,undefined,undefined,undefined,undefined,undefined,undefined,undefined,undefined,undefined,undefined,undefined,undefined
2023-10-30,8309,21048,3457,2136,2716,18,124,35,31.354716981132075,79.42641509433962,13.045283018867925,8.060377358490566,10.249056603773585,0.06792452830188679,0.4679245283018868,0.1320754716981132,undefined,undefined,undefined,undefined,undefined,undefined,undefined,undefined,undefined,undefined,undefined,undefined,undefined,undefined,undefined,undefined
2023-10-31,8525,21543,3542,2187,2796,18,130,35,32.16981132075472,81.29433962264152,13.366037735849057,8.252830188679246,10.550943396226415,0.06792452830188679,0.49056603773584906,0.1320754716981132,undefined,undefined,undefined,undefined,undefined,undefined,undefined,undefined,undefined,undefined,undefined,undefined,undefined,undefined,undefined,undefined
2023-11-01,8805,22240,3650,2252,2903,18,132,35,33.22641509433962,83.9245283018868,13.773584905660377,8.49811320754717,10.954716981132075,0.06792452830188679,0.4981132075471698,0.1320754716981132,undefined,undefined,undefined,undefined,undefined,undefined,undefined,undefined,undefined,undefined,undefined,undefined,undefined,undefined,undefined,undefined
2023-11-02,9061,22911,3760,2326,2975,18,134,35,34.19245283018868,86.4566037735849,14.18867924528302,8.777358490566037,11.226415094339623,0.06792452830188679,0.5056603773584906,0.1320754716981132,undefined,undefined,undefined,undefined,undefined,undefined,undefined,undefined,undefined,undefined,undefined,undefined,undefined,undefined,undefined,undefined
2023-11-03,9257,23516,3826,2405,3026,18,136,35,34.93207547169811,88.73962264150943,14.437735849056605,9.075471698113208,11.418867924528302,0.06792452830188679,0.5132075471698113,0.1320754716981132,undefined,undefined,undefined,undefined,undefined,undefined,undefined,undefined,undefined,undefined,undefined,undefined,undefined,undefined,undefined,undefined
2023-11-04,9485,24158,3900,2509,3076,18,150,35,35.79245283018868,91.1622641509434,14.716981132075471,9.467924528301888,11.60754716981132,0.06792452830188679,0.5660377358490566,0.1320754716981132,undefined,undefined,undefined,undefined,undefined,undefined,undefined,undefined,undefined,undefined,undefined,undefined,undefined,undefined,undefined,undefined
2023-11-05,9770,24808,4008,2550,3212,18,175,35,36.867924528301884,93.61509433962264,15.124528301886793,9.622641509433961,12.120754716981132,0.06792452830188679,0.660377358490566,0.1320754716981132,undefined,undefined,undefined,undefined,undefined,undefined,undefined,undefined,undefined,undefined,undefined,undefined,undefined,undefined,undefined,undefined
2023-11-06,10022,25000,4108,2610,3304,18,192,35,37.8188679245283,94.33962264150944,15.50188679245283,9.849056603773585,12.467924528301888,0.06792452830188679,0.7245283018867924,0.1320754716981132,undefined,undefined,undefined,undefined,undefined,undefined,undefined,undefined,undefined,undefined,undefined,undefined,undefined,undefined,undefined,undefined
2023-11-07,10328,25956,4237,2719,3372,18,192,35,38.973584905660374,97.94716981132075,15.988679245283018,10.260377358490565,12.724528301886792,0.06792452830188679,0.7245283018867924,0.1320754716981132,undefined,undefined,undefined,undefined,undefined,undefined,undefined,undefined,undefined,undefined,undefined,undefined,undefined,undefined,undefined,undefined
2023-11-08,10569,26475,4324,2823,3422,18,193,35,39.88301886792453,99.90566037735849,16.316981132075473,10.652830188679244,12.913207547169812,0.06792452830188679,0.7283018867924528,0.1320754716981132,undefined,undefined,undefined,undefined,undefined,undefined,undefined,undefined,undefined,undefined,undefined,undefined,undefined,undefined,undefined,undefined
2023-11-09,10818,26905,4412,2918,3488,18,195,35,40.822641509433964,101.52830188679245,16.649056603773584,11.011320754716982,13.162264150943397,0.06792452830188679,0.7358490566037735,0.1320754716981132,undefined,undefined,undefined,undefined,undefined,undefined,undefined,undefined,undefined,undefined,undefined,undefined,undefined,undefined,undefined,undefined
2023-11-10,11078,27490,4506,3027,3545,20,198,49,41.80377358490566,103.73584905660377,17.00377358490566,11.422641509433962,13.377358490566039,0.07547169811320754,0.7471698113207547,0.18490566037735848,undefined,undefined,undefined,undefined,undefined,undefined,undefined,undefined,undefined,undefined,undefined,undefined,undefined,undefined,undefined,undefined
2023-11-11,11129,27845,4540,3044,3545,20,198,49,41.99622641509434,105.0754716981132,17.132075471698112,11.486792452830189,13.377358490566039,0.07547169811320754,0.7471698113207547,0.18490566037735848,undefined,undefined,undefined,undefined,undefined,undefined,undefined,undefined,undefined,undefined,undefined,undefined,undefined,undefined,undefined,undefined
2023-11-12,11180,28200,4609,3100,3471,20,198,49,42.18867924528302,106.41509433962264,17.39245283018868,11.69811320754717,13.09811320754717,0.07547169811320754,0.7471698113207547,0.18490566037735848,undefined,undefined,undefined,undefined,undefined,undefined,undefined,undefined,undefined,undefined,undefined,undefined,undefined,undefined,undefined,undefined
2023-11-13,11240,29000,4630,3130,3480,21,198,51,42.41509433962264,109.43396226415095,17.471698113207548,11.81132075471698,13.132075471698114,0.07924528301886792,0.7471698113207547,0.19245283018867926,undefined,undefined,undefined,undefined,undefined,undefined,undefined,undefined,undefined,undefined,undefined,undefined,undefined,undefined,undefined,undefined
2023-11-14,11320,29200,4650,3145,3525,22,198,51,42.716981132075475,110.18867924528301,17.547169811320753,11.867924528301886,13.30188679245283,0.0830188679245283,0.7471698113207547,0.19245283018867926,undefined,undefined,undefined,undefined,undefined,undefined,undefined,undefined,undefined,undefined,undefined,undefined,undefined,undefined,undefined,undefined
2023-11-15,11500,29800,4710,3160,3630,22,200,51,43.39622641509434,112.45283018867924,17.77358490566038,11.924528301886792,13.69811320754717,0.0830188679245283,0.7547169811320755,0.19245283018867926,undefined,undefined,undefined,undefined,undefined,undefined,undefined,undefined,undefined,undefined,undefined,undefined,undefined,undefined,undefined,undefined
2023-11-16,12000,29900,5000,3300,3700,22,200,51,45.283018867924525,112.83018867924528,18.867924528301888,12.452830188679245,13.962264150943396,0.0830188679245283,0.7547169811320755,0.19245283018867926,undefined,undefined,undefined,undefined,undefined,undefined,undefined,undefined,undefined,undefined,undefined,undefined,undefined,undefined,undefined,undefined
2023-11-17,12000,30000,5000,3300,3700,22,200,51,45.283018867924525,113.20754716981132,18.867924528301888,12.452830188679245,13.962264150943396,0.0830188679245283,0.7547169811320755,0.19245283018867926,undefined,undefined,undefined,undefined,undefined,undefined,undefined,undefined,undefined,undefined,undefined,undefined,undefined,undefined,undefined,undefined
2023-11-18,12300,30000,5000,3300,4000,22,200,56,46.41509433962264,113.20754716981132,18.867924528301888,12.452830188679245,15.09433962264151,0.0830188679245283,0.7547169811320755,0.21132075471698114,undefined,undefined,undefined,undefined,undefined,undefined,undefined,undefined,undefined,undefined,undefined,undefined,undefined,undefined,undefined,undefined
2023-11-19,13000,30000,5500,3500,4000,22,201,60,49.056603773584904,113.20754716981132,20.754716981132077,13.20754716981132,15.09433962264151,0.0830188679245283,0.7584905660377359,0.22641509433962265,undefined,undefined,undefined,undefined,undefined,undefined,undefined,undefined,undefined,undefined,undefined,undefined,undefined,undefined,undefined,undefined
2023-11-20,13300,31000,5600,3550,4150,22,201,60,50.18867924528302,116.98113207547169,21.132075471698112,13.39622641509434,15.660377358490566,0.0830188679245283,0.7584905660377359,0.22641509433962265,undefined,undefined,undefined,undefined,undefined,undefined,undefined,undefined,undefined,undefined,undefined,undefined,undefined,undefined,undefined,undefined
2023-11-21,14128,33000,5840,3920,4368,22,205,60,53.31320754716981,124.52830188679245,22.037735849056602,14.79245283018868,16.483018867924528,0.0830188679245283,0.7735849056603774,0.22641509433962265,undefined,undefined,undefined,undefined,undefined,undefined,undefined,undefined,undefined,undefined,undefined,undefined,undefined,undefined,undefined,undefined
2023-11-22,14532,35000,6000,4000,4532,25,205,64,54.83773584905661,132.0754716981132,22.641509433962263,15.09433962264151,17.10188679245283,0.09433962264150944,0.7735849056603774,0.24150943396226415,undefined,undefined,undefined,undefined,undefined,undefined,undefined,undefined,undefined,undefined,undefined,undefined,undefined,undefined,undefined,undefined
2023-11-23,14800,36000,6150,4000,4650,26,207,65,55.84905660377358,135.8490566037736,23.20754716981132,15.09433962264151,17.547169811320753,0.09811320754716982,0.7811320754716982,0.24528301886792453,undefined,undefined,undefined,undefined,undefined,undefined,undefined,undefined,undefined,undefined,undefined,undefined,undefined,undefined,undefined,undefined
2023-11-24,14800,36000,6150,4000,4650,26,207,65,55.84905660377358,135.8490566037736,23.20754716981132,15.09433962264151,17.547169811320753,0.09811320754716982,0.7811320754716982,0.24528301886792453,undefined,undefined,undefined,undefined,undefined,undefined,undefined,undefined,undefined,undefined,undefined,undefined,undefined,undefined,undefined,undefined
2023-11-25,14800,36000,6150,4000,4650,26,207,67,55.84905660377358,135.8490566037736,23.20754716981132,15.09433962264151,17.547169811320753,0.09811320754716982,0.7811320754716982,0.2528301886792453,undefined,undefined,undefined,undefined,undefined,undefined,undefined,undefined,undefined,undefined,undefined,undefined,undefined,undefined,undefined,undefined
2023-11-26,14800,36000,6150,4000,4650,26,207,67,55.84905660377358,135.8490566037736,23.20754716981132,15.09433962264151,17.547169811320753,0.09811320754716982,0.7811320754716982,0.2528301886792453,undefined,undefined,undefined,undefined,undefined,undefined,undefined,undefined,undefined,undefined,undefined,undefined,undefined,undefined,undefined,undefined
2023-11-27,14800,36000,6150,4000,4650,26,207,70,55.84905660377358,135.8490566037736,23.20754716981132,15.09433962264151,17.547169811320753,0.09811320754716982,0.7811320754716982,0.2641509433962264,undefined,undefined,undefined,undefined,undefined,undefined,undefined,undefined,undefined,undefined,undefined,undefined,undefined,undefined,undefined,undefined
2023-11-28,14800,36000,6150,4000,4650,26,207,70,55.84905660377358,135.8490566037736,23.20754716981132,15.09433962264151,17.547169811320753,0.09811320754716982,0.7811320754716982,0.2641509433962264,undefined,undefined,undefined,undefined,undefined,undefined,undefined,undefined,undefined,undefined,undefined,undefined,undefined,undefined,undefined,undefined
2023-11-29,14800,36000,6150,4000,4650,26,207,70,55.84905660377358,135.8490566037736,23.20754716981132,15.09433962264151,17.547169811320753,0.09811320754716982,0.7811320754716982,0.2641509433962264,undefined,undefined,undefined,undefined,undefined,undefined,undefined,undefined,undefined,undefined,undefined,undefined,undefined,undefined,undefined,undefined
2023-11-30,14800,36000,6150,4000,4650,26,207,70,55.84905660377358,135.8490566037736,23.20754716981132,15.09433962264151,17.547169811320753,0.09811320754716982,0.7811320754716982,0.2641509433962264,undefined,undefined,undefined,undefined,undefined,undefined,undefined,undefined,undefined,undefined,undefined,undefined,undefined,undefined,undefined,undefined
2023-12-01,14800,37000,6150,4000,4650,26,280,73,55.84905660377358,139.62264150943398,23.20754716981132,15.09433962264151,17.547169811320753,0.09811320754716982,1.0566037735849056,0.27547169811320754,undefined,undefined,undefined,undefined,undefined,undefined,undefined,undefined,undefined,undefined,undefined,undefined,undefined,undefined,undefined,undefined
2023-12-02,15207,40652,6387,4257,4563,26,280,76,57.384905660377356,153.40377358490565,24.10188679245283,16.064150943396225,17.2188679245283,0.09811320754716982,1.0566037735849056,0.28679245283018867,undefined,undefined,undefined,undefined,undefined,undefined,undefined,undefined,undefined,undefined,undefined,undefined,undefined,undefined,undefined,undefined
2023-12-03,15523,41316,6600,4300,4623,26,281,77,58.577358490566034,155.90943396226416,24.90566037735849,16.22641509433962,17.445283018867926,0.09811320754716982,1.060377358490566,0.29056603773584905,undefined,undefined,undefined,undefined,undefined,undefined,undefined,undefined,undefined,undefined,undefined,undefined,undefined,undefined,undefined,undefined
2023-12-04,15899,42000,6800,4500,4599,26,283,77,59.99622641509434,158.49056603773585,25.660377358490567,16.9811320754717,17.354716981132075,0.09811320754716982,1.0679245283018868,0.29056603773584905,undefined,undefined,undefined,undefined,undefined,undefined,undefined,undefined,undefined,undefined,undefined,undefined,undefined,undefined,undefined,undefined
2023-12-05,16248,43616,7112,4885,4251,32,286,81,61.31320754716981,164.58867924528303,26.837735849056603,18.433962264150942,16.041509433962265,0.12075471698113208,1.079245283018868,0.30566037735849055,undefined,undefined,undefined,undefined,undefined,undefined,undefined,undefined,undefined,undefined,undefined,undefined,undefined,undefined,undefined,undefined
2023-12-06,16827,44808,7550,5000,4277,32,286,81,63.49811320754717,169.0867924528302,28.49056603773585,18.867924528301888,16.139622641509433,0.12075471698113208,1.079245283018868,0.30566037735849055,undefined,undefined,undefined,undefined,undefined,undefined,undefined,undefined,undefined,undefined,undefined,undefined,undefined,undefined,undefined,undefined
2023-12-07,17177,46000,7729,5153,4295,32,290,81,64.8188679245283,173.58490566037736,29.166037735849056,19.445283018867926,16.20754716981132,0.12075471698113208,1.0943396226415094,0.30566037735849055,undefined,undefined,undefined,undefined,undefined,undefined,undefined,undefined,undefined,undefined,undefined,undefined,undefined,undefined,undefined,undefined
2023-12-08,17487,46480,7729,5246,4512,32,295,81,65.98867924528302,175.39622641509433,29.166037735849056,19.79622641509434,17.026415094339622,0.12075471698113208,1.1132075471698113,0.30566037735849055,undefined,undefined,undefined,undefined,undefined,undefined,undefined,undefined,undefined,undefined,undefined,undefined,undefined,undefined,undefined,undefined
2023-12-09,17700,48780,7870,6121,3709,32,295,81,66.79245283018868,184.0754716981132,29.69811320754717,23.09811320754717,13.99622641509434,0.12075471698113208,1.1132075471698113,0.30566037735849055,undefined,undefined,undefined,undefined,undefined,undefined,undefined,undefined,undefined,undefined,undefined,undefined,undefined,undefined,undefined,undefined
2023-12-10,17997,49229,7875,6130,3992,32,296,81,67.9132075471698,185.7698113207547,29.71698113207547,23.132075471698112,15.064150943396227,0.12075471698113208,1.1169811320754717,0.30566037735849055,undefined,undefined,undefined,undefined,undefined,undefined,undefined,undefined,undefined,undefined,undefined,undefined,undefined,undefined,undefined,undefined
2023-12-11,18205,49645,7900,6150,4155,32,296,81,68.69811320754717,187.33962264150944,29.81132075471698,23.20754716981132,15.679245283018869,0.12075471698113208,1.1169811320754717,0.30566037735849055,undefined,undefined,undefined,undefined,undefined,undefined,undefined,undefined,undefined,undefined,undefined,undefined,undefined,undefined,undefined,undefined
2023-12-12,18412,50100,8000,6200,4212,32,300,86,69.47924528301887,189.0566037735849,30.18867924528302,23.39622641509434,15.894339622641509,0.12075471698113208,1.1320754716981132,0.32452830188679244,undefined,undefined,undefined,undefined,undefined,undefined,undefined,undefined,undefined,undefined,undefined,undefined,undefined,undefined,undefined,undefined
2023-12-13,18608,50594,8000,6200,4408,32,300,86,70.2188679245283,190.92075471698112,30.18867924528302,23.39622641509434,16.633962264150945,0.12075471698113208,1.1320754716981132,0.32452830188679244,undefined,undefined,undefined,undefined,undefined,undefined,undefined,undefined,undefined,undefined,undefined,undefined,undefined,undefined,undefined,undefined
2023-12-14,18787,50897,8000,6200,4587,32,300,86,70.89433962264151,192.0641509433962,30.18867924528302,23.39622641509434,17.30943396226415,0.12075471698113208,1.1320754716981132,0.32452830188679244,undefined,undefined,undefined,undefined,undefined,undefined,undefined,undefined,undefined,undefined,undefined,undefined,undefined,undefined,undefined,undefined
2023-12-15,18800,51000,8000,6200,4600,32,300,89,70.94339622641509,192.45283018867926,30.18867924528302,23.39622641509434,17.358490566037737,0.12075471698113208,1.1320754716981132,0.33584905660377357,undefined,undefined,undefined,undefined,undefined,undefined,undefined,undefined,undefined,undefined,undefined,undefined,undefined,undefined,undefined,undefined
2023-12-16,19017,51200,8000,6200,4817,32,300,89,71.7622641509434,193.20754716981133,30.18867924528302,23.39622641509434,18.17735849056604,0.12075471698113208,1.1320754716981132,0.33584905660377357,undefined,undefined,undefined,undefined,undefined,undefined,undefined,undefined,undefined,undefined,undefined,undefined,undefined,undefined,undefined,undefined
2023-12-17,19235,51743,8000,6200,5035,32,300,89,72.58490566037736,195.2566037735849,30.18867924528302,23.39622641509434,19,0.12075471698113208,1.1320754716981132,0.33584905660377357,undefined,undefined,undefined,undefined,undefined,undefined,undefined,undefined,undefined,undefined,undefined,undefined,undefined,undefined,undefined,undefined
2023-12-18,19453,52286,8000,6200,5253,32,300,96,73.40754716981132,197.3056603773585,30.18867924528302,23.39622641509434,19.82264150943396,0.12075471698113208,1.1320754716981132,0.3622641509433962,undefined,undefined,undefined,undefined,undefined,undefined,undefined,undefined,undefined,undefined,undefined,undefined,undefined,undefined,undefined,undefined
2023-12-19,19667,52586,8000,6200,5467,35,310,97,74.21509433962264,198.4377358490566,30.18867924528302,23.39622641509434,20.630188679245283,0.1320754716981132,1.169811320754717,0.3660377358490566,undefined,undefined,undefined,undefined,undefined,undefined,undefined,undefined,undefined,undefined,undefined,undefined,undefined,undefined,undefined,undefined
2023-12-20,19797,52831,8000,6200,5597,35,310,97,74.70566037735848,199.3622641509434,30.18867924528302,23.39622641509434,21.120754716981132,0.1320754716981132,1.169811320754717,0.3660377358490566,undefined,undefined,undefined,undefined,undefined,undefined,undefined,undefined,undefined,undefined,undefined,undefined,undefined,undefined,undefined,undefined
2023-12-21,19927,53075,8000,6200,5727,35,310,97,75.19622641509434,200.28301886792454,30.18867924528302,23.39622641509434,21.61132075471698,0.1320754716981132,1.169811320754717,0.3660377358490566,undefined,undefined,undefined,undefined,undefined,undefined,undefined,undefined,undefined,undefined,undefined,undefined,undefined,undefined,undefined,undefined
2023-12-22,20057,53320,8000,6200,5857,35,310,97,75.68679245283019,201.20754716981133,30.18867924528302,23.39622641509434,22.10188679245283,0.1320754716981132,1.169811320754717,0.3660377358490566,undefined,undefined,undefined,undefined,undefined,undefined,undefined,undefined,undefined,undefined,undefined,undefined,undefined,undefined,undefined,undefined
2023-12-23,20258,53688,8200,6200,5858,35,310,100,76.44528301886793,202.59622641509435,30.943396226415093,23.39622641509434,22.10566037735849,0.1320754716981132,1.169811320754717,0.37735849056603776,undefined,undefined,undefined,undefined,undefined,undefined,undefined,undefined,undefined,undefined,undefined,undefined,undefined,undefined,undefined,undefined
2023-12-24,20424,54036,8200,6200,6024,35,310,97,77.07169811320755,203.90943396226416,30.943396226415093,23.39622641509434,22.732075471698113,0.1320754716981132,1.169811320754717,0.3660377358490566,undefined,undefined,undefined,undefined,undefined,undefined,undefined,undefined,undefined,undefined,undefined,undefined,undefined,undefined,undefined,undefined
2023-12-25,20674,54536,8500,6300,5874,40,311,103,78.01509433962264,205.79622641509434,32.075471698113205,23.77358490566038,22.166037735849056,0.1509433962264151,1.1735849056603773,0.3886792452830189,undefined,undefined,undefined,undefined,undefined,undefined,undefined,undefined,undefined,undefined,undefined,undefined,undefined,undefined,undefined,undefined
2023-12-26,20915,54918,8500,6300,6115,40,311,103,78.9245283018868,207.2377358490566,32.075471698113205,23.77358490566038,23.07547169811321,0.1509433962264151,1.1735849056603773,0.3886792452830189,undefined,undefined,undefined,undefined,undefined,undefined,undefined,undefined,undefined,undefined,undefined,undefined,undefined,undefined,undefined,undefined
2023-12-27,21110,55243,8800,6300,6010,40,311,103,79.66037735849056,208.46415094339622,33.20754716981132,23.77358490566038,22.67924528301887,0.1509433962264151,1.1735849056603773,0.3886792452830189,undefined,undefined,undefined,undefined,undefined,undefined,undefined,undefined,undefined,undefined,undefined,undefined,undefined,undefined,undefined,undefined
2023-12-28,21320,55603,8800,6300,6220,40,311,103,80.45283018867924,209.82264150943396,33.20754716981132,23.77358490566038,23.471698113207548,0.1509433962264151,1.1735849056603773,0.3886792452830189,undefined,undefined,undefined,undefined,undefined,undefined,undefined,undefined,undefined,undefined,undefined,undefined,undefined,undefined,undefined,undefined
2023-12-29,21507,55915,8800,6300,6407,40,311,103,81.15849056603774,211,33.20754716981132,23.77358490566038,24.17735849056604,0.1509433962264151,1.1735849056603773,0.3886792452830189,undefined,undefined,undefined,undefined,undefined,undefined,undefined,undefined,undefined,undefined,undefined,undefined,undefined,undefined,undefined,undefined
2023-12-30,21672,56165,9000,6450,6222,40,312,106,81.7811320754717,211.9433962264151,33.9622641509434,24.339622641509433,23.47924528301887,0.1509433962264151,1.1773584905660377,0.4,undefined,undefined,undefined,undefined,undefined,undefined,undefined,undefined,undefined,undefined,undefined,undefined,undefined,undefined,undefined,undefined
2023-12-31,21822,56451,9100,6500,6222,40,312,106,82.34716981132075,213.02264150943395,34.339622641509436,24.528301886792452,23.47924528301887,0.1509433962264151,1.1773584905660377,0.4,undefined,undefined,undefined,undefined,undefined,undefined,undefined,undefined,undefined,undefined,undefined,undefined,undefined,undefined,undefined,undefined
2024-01-01,21978,56697,9280,6600,6098,40,326,106,82.93584905660377,213.95094339622642,35.0188679245283,24.90566037735849,23.01132075471698,0.1509433962264151,1.230188679245283,0.4,undefined,undefined,undefined,undefined,undefined,undefined,undefined,undefined,undefined,undefined,undefined,undefined,undefined,undefined,undefined,undefined
2024-01-02,22185,57035,9280,6600,6305,40,326,106,83.71698113207547,215.22641509433961,35.0188679245283,24.90566037735849,23.79245283018868,0.1509433962264151,1.230188679245283,0.4,undefined,undefined,undefined,undefined,undefined,undefined,undefined,undefined,undefined,undefined,undefined,undefined,undefined,undefined,undefined,undefined
2024-01-03,22313,57296,9400,6700,6213,40,326,106,84.2,216.21132075471698,35.471698113207545,25.28301886792453,23.445283018867926,0.1509433962264151,1.230188679245283,0.4,undefined,undefined,undefined,undefined,undefined,undefined,undefined,undefined,undefined,undefined,undefined,undefined,undefined,undefined,undefined,undefined
2024-01-04,22438,57614,9730,6830,5878,40,326,106,84.67169811320754,217.41132075471697,36.716981132075475,25.77358490566038,22.181132075471698,0.1509433962264151,1.230188679245283,0.4,undefined,undefined,undefined,undefined,undefined,undefined,undefined,undefined,undefined,undefined,undefined,undefined,undefined,undefined,undefined,undefined
2024-01-05,22600,57910,9730,6830,6040,40,326,106,85.28301886792453,218.52830188679246,36.716981132075475,25.77358490566038,22.79245283018868,0.1509433962264151,1.230188679245283,0.4,undefined,undefined,undefined,undefined,undefined,undefined,undefined,undefined,undefined,undefined,undefined,undefined,undefined,undefined,undefined,undefined
2024-01-06,22722,58166,10000,7000,5722,40,326,106,85.7433962264151,219.49433962264152,37.735849056603776,26.41509433962264,21.59245283018868,0.1509433962264151,1.230188679245283,0.4,undefined,undefined,undefined,undefined,undefined,undefined,undefined,undefined,undefined,undefined,undefined,undefined,undefined,undefined,undefined,undefined
2024-01-07,22835,58416,10000,7000,5835,40,326,106,86.16981132075472,220.4377358490566,37.735849056603776,26.41509433962264,22.0188679245283,0.1509433962264151,1.230188679245283,0.4,undefined,undefined,undefined,undefined,undefined,undefined,undefined,undefined,undefined,undefined,undefined,undefined,undefined,undefined,undefined,undefined
2024-01-08,23084,58926,10000,7000,6084,40,326,106,87.10943396226415,222.3622641509434,37.735849056603776,26.41509433962264,22.958490566037735,0.1509433962264151,1.230188679245283,0.4,undefined,undefined,undefined,undefined,undefined,undefined,undefined,undefined,undefined,undefined,undefined,undefined,undefined,undefined,undefined,undefined
2024-01-09,23210,59167,10000,7000,6210,40,326,106,87.58490566037736,223.27169811320755,37.735849056603776,26.41509433962264,23.433962264150942,0.1509433962264151,1.230188679245283,0.4,undefined,undefined,undefined,undefined,undefined,undefined,undefined,undefined,undefined,undefined,undefined,undefined,undefined,undefined,undefined,undefined
2024-01-10,23357,59410,10000,7000,6357,40,326,106,88.13962264150943,224.18867924528303,37.735849056603776,26.41509433962264,23.98867924528302,0.1509433962264151,1.230188679245283,0.4,undefined,undefined,undefined,undefined,undefined,undefined,undefined,undefined,undefined,undefined,undefined,undefined,undefined,undefined,undefined,undefined
2024-01-11,23469,59604,10300,7100,6069,40,337,106,88.56226415094339,224.92075471698112,38.867924528301884,26.79245283018868,22.90188679245283,0.1509433962264151,1.271698113207547,0.4,undefined,undefined,undefined,undefined,undefined,undefined,undefined,undefined,undefined,undefined,undefined,undefined,undefined,undefined,undefined,undefined
2024-01-12,23708,60005,10300,7100,6308,40,337,106,89.46415094339622,226.43396226415095,38.867924528301884,26.79245283018868,23.80377358490566,0.1509433962264151,1.271698113207547,0.4,undefined,undefined,undefined,undefined,undefined,undefined,undefined,undefined,undefined,undefined,undefined,undefined,undefined,undefined,undefined,undefined
2024-01-13,23843,60317,10400,7100,6343,45,337,117,89.97358490566037,227.61132075471698,39.24528301886792,26.79245283018868,23.935849056603775,0.16981132075471697,1.271698113207547,0.44150943396226416,undefined,undefined,undefined,undefined,undefined,undefined,undefined,undefined,undefined,undefined,undefined,undefined,undefined,undefined,undefined,undefined
2024-01-14,23968,60582,10600,7200,6168,45,337,117,90.44528301886793,228.61132075471698,40,27.169811320754718,23.275471698113208,0.16981132075471697,1.271698113207547,0.44150943396226416,undefined,undefined,undefined,undefined,undefined,undefined,undefined,undefined,undefined,undefined,undefined,undefined,undefined,undefined,undefined,undefined
2024-01-15,24100,60834,10600,7200,6300,45,337,118,90.94339622641509,229.5622641509434,40,27.169811320754718,23.77358490566038,0.16981132075471697,1.271698113207547,0.44528301886792454,undefined,undefined,undefined,undefined,undefined,undefined,undefined,undefined,undefined,undefined,undefined,undefined,undefined,undefined,undefined,undefined
2024-01-16,24285,61154,10600,7200,6485,45,337,118,91.64150943396227,230.7698113207547,40,27.169811320754718,24.471698113207548,0.16981132075471697,1.271698113207547,0.44528301886792454,undefined,undefined,undefined,undefined,undefined,undefined,undefined,undefined,undefined,undefined,undefined,undefined,undefined,undefined,undefined,undefined
2024-01-17,24448,61504,10600,7200,6648,45,337,118,92.2566037735849,232.09056603773584,40,27.169811320754718,25.08679245283019,0.16981132075471697,1.271698113207547,0.44528301886792454,undefined,undefined,undefined,undefined,undefined,undefined,undefined,undefined,undefined,undefined,undefined,undefined,undefined,undefined,undefined,undefined
2024-01-18,24620,61830,10800,7250,6570,45,337,119,92.90566037735849,233.32075471698113,40.75471698113208,27.358490566037737,24.79245283018868,0.16981132075471697,1.271698113207547,0.4490566037735849,undefined,undefined,undefined,undefined,undefined,undefined,undefined,undefined,undefined,undefined,undefined,undefined,undefined,undefined,undefined,undefined
2024-01-19,24762,62108,10800,7250,6712,45,337,119,93.44150943396227,234.3698113207547,40.75471698113208,27.358490566037737,25.328301886792453,0.16981132075471697,1.271698113207547,0.4490566037735849,undefined,undefined,undefined,undefined,undefined,undefined,undefined,undefined,undefined,undefined,undefined,undefined,undefined,undefined,undefined,undefined
2024-01-20,24927,62388,10800,7250,6877,45,337,119,94.06415094339623,235.42641509433963,40.75471698113208,27.358490566037737,25.950943396226414,0.16981132075471697,1.271698113207547,0.4490566037735849,undefined,undefined,undefined,undefined,undefined,undefined,undefined,undefined,undefined,undefined,undefined,undefined,undefined,undefined,undefined,undefined
2024-01-21,25105,62681,10800,7250,7055,45,337,119,94.73584905660377,236.5320754716981,40.75471698113208,27.358490566037737,26.62264150943396,0.16981132075471697,1.271698113207547,0.4490566037735849,undefined,undefined,undefined,undefined,undefined,undefined,undefined,undefined,undefined,undefined,undefined,undefined,undefined,undefined,undefined,undefined
2024-01-22,25295,63000,11000,7500,6795,45,337,119,95.45283018867924,237.73584905660377,41.509433962264154,28.30188679245283,25.641509433962263,0.16981132075471697,1.271698113207547,0.4490566037735849,undefined,undefined,undefined,undefined,undefined,undefined,undefined,undefined,undefined,undefined,undefined,undefined,undefined,undefined,undefined,undefined
2024-01-23,25490,63354,11000,7500,6990,45,337,119,96.18867924528301,239.07169811320756,41.509433962264154,28.30188679245283,26.37735849056604,0.16981132075471697,1.271698113207547,0.4490566037735849,undefined,undefined,undefined,undefined,undefined,undefined,undefined,undefined,undefined,undefined,undefined,undefined,undefined,undefined,undefined,undefined
2024-01-24,25700,63740,11000,7500,7200,45,337,119,96.98113207547169,240.52830188679246,41.509433962264154,28.30188679245283,27.169811320754718,0.16981132075471697,1.271698113207547,0.4490566037735849,undefined,undefined,undefined,undefined,undefined,undefined,undefined,undefined,undefined,undefined,undefined,undefined,undefined,undefined,undefined,undefined
2024-01-25,25900,64110,11000,7500,7400,45,337,119,97.73584905660377,241.9245283018868,41.509433962264154,28.30188679245283,27.92452830188679,0.16981132075471697,1.271698113207547,0.4490566037735849,undefined,undefined,undefined,undefined,undefined,undefined,undefined,undefined,undefined,undefined,undefined,undefined,undefined,undefined,undefined,undefined
2024-01-26,26083,64487,11000,7500,7583,45,337,119,98.42641509433962,243.34716981132075,41.509433962264154,28.30188679245283,28.61509433962264,0.16981132075471697,1.271698113207547,0.4490566037735849,undefined,undefined,undefined,undefined,undefined,undefined,undefined,undefined,undefined,undefined,undefined,undefined,undefined,undefined,undefined,undefined
2024-01-27,26257,64797,11000,7500,7757,45,337,120,99.08301886792452,244.51698113207547,41.509433962264154,28.30188679245283,29.27169811320755,0.16981132075471697,1.271698113207547,0.4528301886792453,undefined,undefined,undefined,undefined,undefined,undefined,undefined,undefined,undefined,undefined,undefined,undefined,undefined,undefined,undefined,undefined
2024-01-28,26422,65087,11000,7500,7922,45,337,120,99.70566037735848,245.61132075471698,41.509433962264154,28.30188679245283,29.89433962264151,0.16981132075471697,1.271698113207547,0.4528301886792453,undefined,undefined,undefined,undefined,undefined,undefined,undefined,undefined,undefined,undefined,undefined,undefined,undefined,undefined,undefined,undefined
2024-01-29,26637,65387,11000,7500,8137,45,337,122,100.51698113207547,246.7433962264151,41.509433962264154,28.30188679245283,30.70566037735849,0.16981132075471697,1.271698113207547,0.46037735849056605,undefined,undefined,undefined,undefined,undefined,undefined,undefined,undefined,undefined,undefined,undefined,undefined,undefined,undefined,undefined,undefined
2024-01-30,26751,65636,11500,8000,7251,46,339,122,100.94716981132075,247.68301886792452,43.39622641509434,30.18867924528302,27.362264150943396,0.17358490566037735,1.2792452830188679,0.46037735849056605,undefined,undefined,undefined,undefined,undefined,undefined,undefined,undefined,undefined,undefined,undefined,undefined,undefined,undefined,undefined,undefined
2024-01-31,26900,65949,11500,8000,7400,46,339,122,101.50943396226415,248.86415094339623,43.39622641509434,30.18867924528302,27.92452830188679,0.17358490566037735,1.2792452830188679,0.46037735849056605,undefined,undefined,undefined,undefined,undefined,undefined,undefined,undefined,undefined,undefined,undefined,undefined,undefined,undefined,undefined,undefined
2024-02-01,27019,66139,11500,8000,7519,46,339,122,101.95849056603774,249.5811320754717,43.39622641509434,30.18867924528302,28.373584905660376,0.17358490566037735,1.2792452830188679,0.46037735849056605,undefined,undefined,undefined,undefined,undefined,undefined,undefined,undefined,undefined,undefined,undefined,undefined,undefined,undefined,undefined,undefined
2024-02-02,27131,66287,11500,8000,7631,46,339,122,102.3811320754717,250.13962264150945,43.39622641509434,30.18867924528302,28.79622641509434,0.17358490566037735,1.2792452830188679,0.46037735849056605,undefined,undefined,undefined,undefined,undefined,undefined,undefined,undefined,undefined,undefined,undefined,undefined,undefined,undefined,undefined,undefined
2024-02-03,27238,66452,12000,8190,7048,46,339,122,102.78490566037736,250.7622641509434,45.283018867924525,30.90566037735849,26.59622641509434,0.17358490566037735,1.2792452830188679,0.46037735849056605,undefined,undefined,undefined,undefined,undefined,undefined,undefined,undefined,undefined,undefined,undefined,undefined,undefined,undefined,undefined,undefined
2024-02-04,27365,66630,12000,8190,7175,46,339,122,103.26415094339623,251.43396226415095,45.283018867924525,30.90566037735849,27.07547169811321,0.17358490566037735,1.2792452830188679,0.46037735849056605,undefined,undefined,undefined,undefined,undefined,undefined,undefined,undefined,undefined,undefined,undefined,undefined,undefined,undefined,undefined,undefined
2024-02-05,27478,66835,12000,8190,7288,46,339,122,103.69056603773585,252.20754716981133,45.283018867924525,30.90566037735849,27.50188679245283,0.17358490566037735,1.2792452830188679,0.46037735849056605,undefined,undefined,undefined,undefined,undefined,undefined,undefined,undefined,undefined,undefined,undefined,undefined,undefined,undefined,undefined,undefined
2024-02-06,27585,66978,12000,8190,7395,46,339,122,104.09433962264151,252.74716981132076,45.283018867924525,30.90566037735849,27.90566037735849,0.17358490566037735,1.2792452830188679,0.46037735849056605,undefined,undefined,undefined,undefined,undefined,undefined,undefined,undefined,undefined,undefined,undefined,undefined,undefined,undefined,undefined,undefined
2024-02-07,27708,67147,12000,8190,7518,46,339,123,104.55849056603773,253.38490566037737,45.283018867924525,30.90566037735849,28.369811320754717,0.17358490566037735,1.2792452830188679,0.4641509433962264,undefined,undefined,undefined,undefined,undefined,undefined,undefined,undefined,undefined,undefined,undefined,undefined,undefined,undefined,undefined,undefined
2024-02-08,27840,67317,12150,8300,7390,46,340,124,105.05660377358491,254.02641509433963,45.84905660377358,31.32075471698113,27.88679245283019,0.17358490566037735,1.2830188679245282,0.4679245283018868,undefined,undefined,undefined,undefined,undefined,undefined,undefined,undefined,undefined,undefined,undefined,undefined,undefined,undefined,undefined,undefined
2024-02-09,27947,67459,12150,8300,7497,46,340,124,105.46037735849056,254.5622641509434,45.84905660377358,31.32075471698113,28.29056603773585,0.17358490566037735,1.2830188679245282,0.4679245283018868,undefined,undefined,undefined,undefined,undefined,undefined,undefined,undefined,undefined,undefined,undefined,undefined,undefined,undefined,undefined,undefined
2024-02-10,28064,67611,12150,8300,7614,46,340,124,105.90188679245283,255.13584905660377,45.84905660377358,31.32075471698113,28.732075471698113,0.17358490566037735,1.2830188679245282,0.4679245283018868,undefined,undefined,undefined,undefined,undefined,undefined,undefined,undefined,undefined,undefined,undefined,undefined,undefined,undefined,undefined,undefined
2024-02-11,28176,67784,12300,8400,7476,46,340,124,106.32452830188679,255.78867924528302,46.41509433962264,31.69811320754717,28.211320754716983,0.17358490566037735,1.2830188679245282,0.4679245283018868,undefined,undefined,undefined,undefined,undefined,undefined,undefined,undefined,undefined,undefined,undefined,undefined,undefined,undefined,undefined,undefined
2024-02-12,28340,67984,12300,8400,7640,46,340,126,106.94339622641509,256.5433962264151,46.41509433962264,31.69811320754717,28.830188679245282,0.17358490566037735,1.2830188679245282,0.47547169811320755,undefined,undefined,undefined,undefined,undefined,undefined,undefined,undefined,undefined,undefined,undefined,undefined,undefined,undefined,undefined,undefined
2024-02-13,28473,68146,12300,8400,7773,46,340,126,107.44528301886793,257.1547169811321,46.41509433962264,31.69811320754717,29.332075471698115,0.17358490566037735,1.2830188679245282,0.47547169811320755,undefined,undefined,undefined,undefined,undefined,undefined,undefined,undefined,undefined,undefined,undefined,undefined,undefined,undefined,undefined,undefined
2024-02-14,28576,68291,12300,8400,7876,46,340,126,107.83396226415094,257.70188679245285,46.41509433962264,31.69811320754717,29.720754716981133,0.17358490566037735,1.2830188679245282,0.47547169811320755,undefined,undefined,undefined,undefined,undefined,undefined,undefined,undefined,undefined,undefined,undefined,undefined,undefined,undefined,undefined,undefined
2024-02-15,28663,68395,12300,8400,7963,46,340,126,108.1622641509434,258.0943396226415,46.41509433962264,31.69811320754717,30.049056603773586,0.17358490566037735,1.2830188679245282,0.47547169811320755,undefined,undefined,undefined,undefined,undefined,undefined,undefined,undefined,undefined,undefined,undefined,undefined,undefined,undefined,undefined,undefined
2024-02-16,28775,68552,12660,8570,7545,46,340,130,108.58490566037736,258.68679245283016,47.77358490566038,32.339622641509436,28.471698113207548,0.17358490566037735,1.2830188679245282,0.49056603773584906,undefined,undefined,undefined,undefined,undefined,undefined,undefined,undefined,undefined,undefined,undefined,undefined,undefined,undefined,undefined,undefined
2024-02-17,28858,68677,12660,8570,7628,46,340,130,108.89811320754717,259.15849056603776,47.77358490566038,32.339622641509436,28.78490566037736,0.17358490566037735,1.2830188679245282,0.49056603773584906,undefined,undefined,undefined,undefined,undefined,undefined,undefined,undefined,undefined,undefined,undefined,undefined,undefined,undefined,undefined,undefined
2024-02-18,28985,68883,12660,8570,7755,46,340,130,109.37735849056604,259.9358490566038,47.77358490566038,32.339622641509436,29.264150943396228,0.17358490566037735,1.2830188679245282,0.49056603773584906,undefined,undefined,undefined,undefined,undefined,undefined,undefined,undefined,undefined,undefined,undefined,undefined,undefined,undefined,undefined,undefined
2024-02-19,29092,69028,12660,8570,7862,46,340,130,109.7811320754717,260.48301886792456,47.77358490566038,32.339622641509436,29.667924528301885,0.17358490566037735,1.2830188679245282,0.49056603773584906,undefined,undefined,undefined,undefined,undefined,undefined,undefined,undefined,undefined,undefined,undefined,undefined,undefined,undefined,undefined,undefined
2024-02-20,29195,69170,12660,8570,7965,46,340,130,110.16981132075472,261.0188679245283,47.77358490566038,32.339622641509436,30.056603773584907,0.17358490566037735,1.2830188679245282,0.49056603773584906,undefined,undefined,undefined,undefined,undefined,undefined,undefined,undefined,undefined,undefined,undefined,undefined,undefined,undefined,undefined,undefined
2024-02-21,29313,69333,12660,8570,8083,46,340,130,110.61509433962264,261.63396226415097,47.77358490566038,32.339622641509436,30.50188679245283,0.17358490566037735,1.2830188679245282,0.49056603773584906,undefined,undefined,undefined,undefined,undefined,undefined,undefined,undefined,undefined,undefined,undefined,undefined,undefined,undefined,undefined,undefined
2024-02-22,29410,69465,12660,8570,8180,46,340,130,110.98113207547169,262.1320754716981,47.77358490566038,32.339622641509436,30.867924528301888,0.17358490566037735,1.2830188679245282,0.49056603773584906,undefined,undefined,undefined,undefined,undefined,undefined,undefined,undefined,undefined,undefined,undefined,undefined,undefined,undefined,undefined,undefined
2024-02-23,29514,69616,13000,8800,7714,47,340,132,111.37358490566038,262.70188679245285,49.056603773584904,33.20754716981132,29.109433962264152,0.17735849056603772,1.2830188679245282,0.4981132075471698,undefined,undefined,undefined,undefined,undefined,undefined,undefined,undefined,undefined,undefined,undefined,undefined,undefined,undefined,undefined,undefined
2024-02-24,29606,69737,13000,8800,7806,47,340,132,111.72075471698113,263.15849056603776,49.056603773584904,33.20754716981132,29.456603773584906,0.17735849056603772,1.2830188679245282,0.4981132075471698,undefined,undefined,undefined,undefined,undefined,undefined,undefined,undefined,undefined,undefined,undefined,undefined,undefined,undefined,undefined,undefined
2024-02-25,29692,69879,13000,8800,7892,47,340,132,112.04528301886792,263.6943396226415,49.056603773584904,33.20754716981132,29.7811320754717,0.17735849056603772,1.2830188679245282,0.4981132075471698,undefined,undefined,undefined,undefined,undefined,undefined,undefined,undefined,undefined,undefined,undefined,undefined,undefined,undefined,undefined,undefined
2024-02-26,29782,70043,13000,8800,7982,47,340,132,112.38490566037736,264.31320754716984,49.056603773584904,33.20754716981132,30.120754716981132,0.17735849056603772,1.2830188679245282,0.4981132075471698,undefined,undefined,undefined,undefined,undefined,undefined,undefined,undefined,undefined,undefined,undefined,undefined,undefined,undefined,undefined,undefined
2024-02-27,29878,70215,13000,8800,8078,47,340,132,112.74716981132076,264.9622641509434,49.056603773584904,33.20754716981132,30.483018867924528,0.17735849056603772,1.2830188679245282,0.4981132075471698,undefined,undefined,undefined,undefined,undefined,undefined,undefined,undefined,undefined,undefined,undefined,undefined,undefined,undefined,undefined,undefined
2024-02-28,29954,70325,13000,8800,8154,47,340,132,113.03396226415094,265.37735849056605,49.056603773584904,33.20754716981132,30.769811320754716,0.17735849056603772,1.2830188679245282,0.4981132075471698,undefined,undefined,undefined,undefined,undefined,undefined,undefined,undefined,undefined,undefined,undefined,undefined,undefined,undefined,undefined,undefined
2024-02-29,30035,70457,13230,8860,7945,47,340,132,113.33962264150944,265.8754716981132,49.924528301886795,33.43396226415094,29.9811320754717,0.17735849056603772,1.2830188679245282,0.4981132075471698,undefined,undefined,undefined,undefined,undefined,undefined,undefined,undefined,undefined,undefined,undefined,undefined,undefined,undefined,undefined,undefined
2024-03-01,30228,71377,13230,8860,8138,47,340,132,114.06792452830189,269.3471698113208,49.924528301886795,33.43396226415094,30.70943396226415,0.17735849056603772,1.2830188679245282,0.4981132075471698,undefined,undefined,undefined,undefined,undefined,undefined,undefined,undefined,undefined,undefined,undefined,undefined,undefined,undefined,undefined,undefined
2024-03-02,30320,71533,13230,8860,8230,47,340,132,114.41509433962264,269.9358490566038,49.924528301886795,33.43396226415094,31.056603773584907,0.17735849056603772,1.2830188679245282,0.4981132075471698,undefined,undefined,undefined,undefined,undefined,undefined,undefined,undefined,undefined,undefined,undefined,undefined,undefined,undefined,undefined,undefined
2024-03-03,30410,71710,13230,8860,8320,47,342,132,114.75471698113208,270.60377358490564,49.924528301886795,33.43396226415094,31.39622641509434,0.17735849056603772,1.290566037735849,0.4981132075471698,undefined,undefined,undefined,undefined,undefined,undefined,undefined,undefined,undefined,undefined,undefined,undefined,undefined,undefined,undefined,undefined
2024-03-04,30534,71920,13430,8900,8204,48,364,132,115.22264150943396,271.39622641509436,50.679245283018865,33.58490566037736,30.958490566037735,0.1811320754716981,1.3735849056603773,0.4981132075471698,undefined,undefined,undefined,undefined,undefined,undefined,undefined,undefined,undefined,undefined,undefined,undefined,undefined,undefined,undefined,undefined
2024-03-05,30631,72043,13430,8900,8301,48,364,132,115.58867924528302,271.86037735849055,50.679245283018865,33.58490566037736,31.324528301886794,0.1811320754716981,1.3735849056603773,0.4981132075471698,undefined,undefined,undefined,undefined,undefined,undefined,undefined,undefined,undefined,undefined,undefined,undefined,undefined,undefined,undefined,undefined
2024-03-06,30717,72156,13430,8900,8387,48,364,133,115.9132075471698,272.2867924528302,50.679245283018865,33.58490566037736,31.649056603773584,0.1811320754716981,1.3735849056603773,0.5018867924528302,undefined,undefined,undefined,undefined,undefined,undefined,undefined,undefined,undefined,undefined,undefined,undefined,undefined,undefined,undefined,undefined
2024-03-07,30800,72298,13430,8900,8470,48,364,133,116.22641509433963,272.82264150943394,50.679245283018865,33.58490566037736,31.962264150943398,0.1811320754716981,1.3735849056603773,0.5018867924528302,undefined,undefined,undefined,undefined,undefined,undefined,undefined,undefined,undefined,undefined,undefined,undefined,undefined,undefined,undefined,undefined
2024-03-08,30878,72402,13430,8900,8548,48,364,133,116.52075471698113,273.2150943396226,50.679245283018865,33.58490566037736,32.25660377358491,0.1811320754716981,1.3735849056603773,0.5018867924528302,undefined,undefined,undefined,undefined,undefined,undefined,undefined,undefined,undefined,undefined,undefined,undefined,undefined,undefined,undefined,undefined
2024-03-09,30960,72524,13500,9000,8460,48,364,133,116.83018867924528,273.6754716981132,50.943396226415096,33.9622641509434,31.92452830188679,0.1811320754716981,1.3735849056603773,0.5018867924528302,undefined,undefined,undefined,undefined,undefined,undefined,undefined,undefined,undefined,undefined,undefined,undefined,undefined,undefined,undefined,undefined
2024-03-10,31045,72654,13500,9000,8545,48,364,133,117.15094339622641,274.16603773584905,50.943396226415096,33.9622641509434,32.24528301886792,0.1811320754716981,1.3735849056603773,0.5018867924528302,undefined,undefined,undefined,undefined,undefined,undefined,undefined,undefined,undefined,undefined,undefined,undefined,undefined,undefined,undefined,undefined
2024-03-11,31112,72760,13500,9000,8612,48,364,133,117.40377358490566,274.5660377358491,50.943396226415096,33.9622641509434,32.49811320754717,0.1811320754716981,1.3735849056603773,0.5018867924528302,undefined,undefined,undefined,undefined,undefined,undefined,undefined,undefined,undefined,undefined,undefined,undefined,undefined,undefined,undefined,undefined
2024-03-12,31184,72889,13500,9000,8684,48,364,133,117.67547169811321,275.05283018867925,50.943396226415096,33.9622641509434,32.76981132075472,0.1811320754716981,1.3735849056603773,0.5018867924528302,undefined,undefined,undefined,undefined,undefined,undefined,undefined,undefined,undefined,undefined,undefined,undefined,undefined,undefined,undefined,undefined
2024-03-13,31272,73024,13500,9000,8772,48,364,133,118.00754716981132,275.5622641509434,50.943396226415096,33.9622641509434,33.10188679245283,0.1811320754716981,1.3735849056603773,0.5018867924528302,undefined,undefined,undefined,undefined,undefined,undefined,undefined,undefined,undefined,undefined,undefined,undefined,undefined,undefined,undefined,undefined
2024-03-14,31341,73134,13790,9100,8451,48,364,133,118.26792452830189,275.977358490566,52.0377358490566,34.339622641509436,31.890566037735848,0.1811320754716981,1.3735849056603773,0.5018867924528302,undefined,undefined,undefined,undefined,undefined,undefined,undefined,undefined,undefined,undefined,undefined,undefined,undefined,undefined,undefined,undefined
2024-03-15,31490,73434,13790,9100,8600,48,364,133,118.83018867924528,277.1094339622642,52.0377358490566,34.339622641509436,32.45283018867924,0.1811320754716981,1.3735849056603773,0.5018867924528302,undefined,undefined,undefined,undefined,undefined,undefined,undefined,undefined,undefined,undefined,undefined,undefined,undefined,undefined,undefined,undefined
2024-03-16,31553,73546,13790,9100,8663,48,364,133,119.06792452830189,277.53207547169814,52.0377358490566,34.339622641509436,32.69056603773585,0.1811320754716981,1.3735849056603773,0.5018867924528302,undefined,undefined,undefined,undefined,undefined,undefined,undefined,undefined,undefined,undefined,undefined,undefined,undefined,undefined,undefined,undefined
2024-03-17,31645,73676,13790,9100,8755,48,364,133,119.41509433962264,278.022641509434,52.0377358490566,34.339622641509436,33.0377358490566,0.1811320754716981,1.3735849056603773,0.5018867924528302,undefined,undefined,undefined,undefined,undefined,undefined,undefined,undefined,undefined,undefined,undefined,undefined,undefined,undefined,undefined,undefined
2024-03-18,31726,73792,13790,9100,8836,48,364,133,119.72075471698113,278.4603773584906,52.0377358490566,34.339622641509436,33.343396226415095,0.1811320754716981,1.3735849056603773,0.5018867924528302,undefined,undefined,undefined,undefined,undefined,undefined,undefined,undefined,undefined,undefined,undefined,undefined,undefined,undefined,undefined,undefined
2024-03-19,31819,73934,14000,9220,8599,48,364,135,120.07169811320755,278.9962264150943,52.83018867924528,34.79245283018868,32.449056603773585,0.1811320754716981,1.3735849056603773,0.5094339622641509,undefined,undefined,undefined,undefined,undefined,undefined,undefined,undefined,undefined,undefined,undefined,undefined,undefined,undefined,undefined,undefined
2024-03-20,31923,74096,14000,9220,8703,48,364,135,120.46415094339622,279.6075471698113,52.83018867924528,34.79245283018868,32.841509433962266,0.1811320754716981,1.3735849056603773,0.5094339622641509,undefined,undefined,undefined,undefined,undefined,undefined,undefined,undefined,undefined,undefined,undefined,undefined,undefined,undefined,undefined,undefined
2024-03-21,31988,74188,14000,9220,8768,48,364,135,120.70943396226416,279.9547169811321,52.83018867924528,34.79245283018868,33.08679245283019,0.1811320754716981,1.3735849056603773,0.5094339622641509,undefined,undefined,undefined,undefined,undefined,undefined,undefined,undefined,undefined,undefined,undefined,undefined,undefined,undefined,undefined,undefined
2024-03-22,32070,74298,14000,9220,8850,48,364,135,121.01886792452831,280.3698113207547,52.83018867924528,34.79245283018868,33.39622641509434,0.1811320754716981,1.3735849056603773,0.5094339622641509,undefined,undefined,undefined,undefined,undefined,undefined,undefined,undefined,undefined,undefined,undefined,undefined,undefined,undefined,undefined,undefined
2024-03-23,32142,74412,14000,9220,8922,48,364,135,121.29056603773584,280.8,52.83018867924528,34.79245283018868,33.66792452830189,0.1811320754716981,1.3735849056603773,0.5094339622641509,undefined,undefined,undefined,undefined,undefined,undefined,undefined,undefined,undefined,undefined,undefined,undefined,undefined,undefined,undefined,undefined
2024-03-24,32226,74518,14280,9340,8606,48,364,136,121.60754716981133,281.2,53.886792452830186,35.24528301886792,32.47547169811321,0.1811320754716981,1.3735849056603773,0.5132075471698113,undefined,undefined,undefined,undefined,undefined,undefined,undefined,undefined,undefined,undefined,undefined,undefined,undefined,undefined,undefined,undefined
2024-03-25,32333,74694,14280,9340,8713,48,364,136,122.01132075471698,281.8641509433962,53.886792452830186,35.24528301886792,32.87924528301887,0.1811320754716981,1.3735849056603773,0.5132075471698113,undefined,undefined,undefined,undefined,undefined,undefined,undefined,undefined,undefined,undefined,undefined,undefined,undefined,undefined,undefined,undefined
2024-03-26,32414,74787,14280,9340,8794,48,364,136,122.31698113207547,282.2150943396226,53.886792452830186,35.24528301886792,33.18490566037736,0.1811320754716981,1.3735849056603773,0.5132075471698113,undefined,undefined,undefined,undefined,undefined,undefined,undefined,undefined,undefined,undefined,undefined,undefined,undefined,undefined,undefined,undefined
2024-03-27,32490,74889,14280,9340,8870,48,364,136,122.60377358490567,282.6,53.886792452830186,35.24528301886792,33.471698113207545,0.1811320754716981,1.3735849056603773,0.5132075471698113,undefined,undefined,undefined,undefined,undefined,undefined,undefined,undefined,undefined,undefined,undefined,undefined,undefined,undefined,undefined,undefined
2024-03-28,32552,74980,14280,9340,8932,48,364,136,122.8377358490566,282.9433962264151,53.886792452830186,35.24528301886792,33.70566037735849,0.1811320754716981,1.3735849056603773,0.5132075471698113,undefined,undefined,undefined,undefined,undefined,undefined,undefined,undefined,undefined,undefined,undefined,undefined,undefined,undefined,undefined,undefined
2024-03-29,32623,75092,14350,9460,8813,48,364,136,123.10566037735849,283.36603773584903,54.15094339622642,35.698113207547166,33.25660377358491,0.1811320754716981,1.3735849056603773,0.5132075471698113,undefined,undefined,undefined,undefined,undefined,undefined,undefined,undefined,undefined,undefined,undefined,undefined,undefined,undefined,undefined,undefined
2024-03-30,32705,75190,14350,9460,8895,48,364,136,123.41509433962264,283.7358490566038,54.15094339622642,35.698113207547166,33.56603773584906,0.1811320754716981,1.3735849056603773,0.5132075471698113,undefined,undefined,undefined,undefined,undefined,undefined,undefined,undefined,undefined,undefined,undefined,undefined,undefined,undefined,undefined,undefined
2024-03-31,32782,75298,14350,9460,8972,48,364,137,123.70566037735848,284.1433962264151,54.15094339622642,35.698113207547166,33.85660377358491,0.1811320754716981,1.3735849056603773,0.5169811320754717,undefined,undefined,undefined,undefined,undefined,undefined,undefined,undefined,undefined,undefined,undefined,undefined,undefined,undefined,undefined,undefined
2024-04-01,32845,75392,14350,9460,9035,48,364,138,123.94339622641509,284.4981132075472,54.15094339622642,35.698113207547166,34.094339622641506,0.1811320754716981,1.3735849056603773,0.5207547169811321,undefined,undefined,undefined,undefined,undefined,undefined,undefined,undefined,undefined,undefined,undefined,undefined,undefined,undefined,undefined,undefined
2024-04-02,32916,75494,14350,9460,9106,48,364,138,124.21132075471698,284.88301886792453,54.15094339622642,35.698113207547166,34.362264150943396,0.1811320754716981,1.3735849056603773,0.5207547169811321,undefined,undefined,undefined,undefined,undefined,undefined,undefined,undefined,undefined,undefined,undefined,undefined,undefined,undefined,undefined,undefined
2024-04-03,32975,75577,14500,9560,8915,65,484,140,124.43396226415095,285.1962264150943,54.716981132075475,36.075471698113205,33.64150943396226,0.24528301886792453,1.8264150943396227,0.5283018867924528,undefined,undefined,undefined,undefined,undefined,undefined,undefined,undefined,undefined,undefined,undefined,undefined,undefined,undefined,undefined,undefined
2024-04-04,33037,75668,14500,9560,8977,65,484,140,124.66792452830188,285.5396226415094,54.716981132075475,36.075471698113205,33.87547169811321,0.24528301886792453,1.8264150943396227,0.5283018867924528,undefined,undefined,undefined,undefined,undefined,undefined,undefined,undefined,undefined,undefined,undefined,undefined,undefined,undefined,undefined,undefined
2024-04-05,33091,75750,14500,9560,9031,65,484,140,124.87169811320754,285.8490566037736,54.716981132075475,36.075471698113205,34.07924528301887,0.24528301886792453,1.8264150943396227,0.5283018867924528,undefined,undefined,undefined,undefined,undefined,undefined,undefined,undefined,undefined,undefined,undefined,undefined,undefined,undefined,undefined,undefined
2024-04-06,33137,75815,14500,9560,9077,65,484,140,125.04528301886792,286.0943396226415,54.716981132075475,36.075471698113205,34.25283018867925,0.24528301886792453,1.8264150943396227,0.5283018867924528,undefined,undefined,undefined,undefined,undefined,undefined,undefined,undefined,undefined,undefined,undefined,undefined,undefined,undefined,undefined,undefined
2024-04-07,33175,75886,14500,9560,9115,65,484,140,125.18867924528301,286.3622641509434,54.716981132075475,36.075471698113205,34.39622641509434,0.24528301886792453,1.8264150943396227,0.5283018867924528,undefined,undefined,undefined,undefined,undefined,undefined,undefined,undefined,undefined,undefined,undefined,undefined,undefined,undefined,undefined,undefined
2024-04-08,33207,75933,14520,9568,9119,65,485,140,125.30943396226415,286.5396226415094,54.79245283018868,36.10566037735849,34.41132075471698,0.24528301886792453,1.830188679245283,0.5283018867924528,undefined,undefined,undefined,undefined,undefined,undefined,undefined,undefined,undefined,undefined,undefined,undefined,undefined,undefined,undefined,undefined
2024-04-09,33360,75993,14520,9568,9272,65,485,140,125.88679245283019,286.76603773584907,54.79245283018868,36.10566037735849,34.988679245283016,0.24528301886792453,1.830188679245283,0.5283018867924528,undefined,undefined,undefined,undefined,undefined,undefined,undefined,undefined,undefined,undefined,undefined,undefined,undefined,undefined,undefined,undefined
2024-04-10,33482,76049,14520,9568,9394,65,485,140,126.34716981132075,286.977358490566,54.79245283018868,36.10566037735849,35.449056603773585,0.24528301886792453,1.830188679245283,0.5283018867924528,undefined,undefined,undefined,undefined,undefined,undefined,undefined,undefined,undefined,undefined,undefined,undefined,undefined,undefined,undefined,undefined
2024-04-11,33545,76094,14520,9568,9457,65,485,140,126.58490566037736,287.14716981132074,54.79245283018868,36.10566037735849,35.68679245283019,0.24528301886792453,1.830188679245283,0.5283018867924528,undefined,undefined,undefined,undefined,undefined,undefined,undefined,undefined,undefined,undefined,undefined,undefined,undefined,undefined,undefined,undefined
2024-04-12,33634,76214,14520,9568,9546,65,485,140,126.92075471698114,287.6,54.79245283018868,36.10566037735849,36.02264150943396,0.24528301886792453,1.830188679245283,0.5283018867924528,undefined,undefined,undefined,undefined,undefined,undefined,undefined,undefined,undefined,undefined,undefined,undefined,undefined,undefined,undefined,undefined
2024-04-13,33686,76309,14560,9582,9544,66,485,140,127.11698113207547,287.9584905660377,54.943396226415096,36.158490566037734,36.01509433962264,0.2490566037735849,1.830188679245283,0.5283018867924528,undefined,undefined,undefined,undefined,undefined,undefined,undefined,undefined,undefined,undefined,undefined,undefined,undefined,undefined,undefined,undefined
2024-04-14,33729,76371,14560,9582,9587,66,485,140,127.27924528301887,288.1924528301887,54.943396226415096,36.158490566037734,36.177358490566036,0.2490566037735849,1.830188679245283,0.5283018867924528,undefined,undefined,undefined,undefined,undefined,undefined,undefined,undefined,undefined,undefined,undefined,undefined,undefined,undefined,undefined,undefined
2024-04-15,33797,76465,14560,9582,9655,66,485,140,127.53584905660378,288.54716981132077,54.943396226415096,36.158490566037734,36.43396226415094,0.2490566037735849,1.830188679245283,0.5283018867924528,undefined,undefined,undefined,undefined,undefined,undefined,undefined,undefined,undefined,undefined,undefined,undefined,undefined,undefined,undefined,undefined
2024-04-16,33843,76575,14560,9582,9701,66,485,140,127.70943396226416,288.9622641509434,54.943396226415096,36.158490566037734,36.60754716981132,0.2490566037735849,1.830188679245283,0.5283018867924528,undefined,undefined,undefined,undefined,undefined,undefined,undefined,undefined,undefined,undefined,undefined,undefined,undefined,undefined,undefined,undefined
2024-04-17,33899,76664,14560,9582,9757,66,485,140,127.92075471698114,289.29811320754715,54.943396226415096,36.158490566037734,36.8188679245283,0.2490566037735849,1.830188679245283,0.5283018867924528,undefined,undefined,undefined,undefined,undefined,undefined,undefined,undefined,undefined,undefined,undefined,undefined,undefined,undefined,undefined,undefined
2024-04-18,33970,76770,14685,9670,9615,66,485,140,128.18867924528303,289.6981132075472,55.41509433962264,36.490566037735846,36.283018867924525,0.2490566037735849,1.830188679245283,0.5283018867924528,undefined,undefined,undefined,undefined,undefined,undefined,undefined,undefined,undefined,undefined,undefined,undefined,undefined,undefined,undefined,undefined
2024-04-19,34012,76833,14685,9670,9657,66,485,140,128.34716981132075,289.9358490566038,55.41509433962264,36.490566037735846,36.44150943396227,0.2490566037735849,1.830188679245283,0.5283018867924528,undefined,undefined,undefined,undefined,undefined,undefined,undefined,undefined,undefined,undefined,undefined,undefined,undefined,undefined,undefined,undefined
2024-04-20,34049,76901,14685,9670,9694,66,485,140,128.4867924528302,290.1924528301887,55.41509433962264,36.490566037735846,36.5811320754717,0.2490566037735849,1.830188679245283,0.5283018867924528,undefined,undefined,undefined,undefined,undefined,undefined,undefined,undefined,undefined,undefined,undefined,undefined,undefined,undefined,undefined,undefined
2024-04-21,34097,76980,14685,9670,9742,66,485,140,128.66792452830188,290.49056603773585,55.41509433962264,36.490566037735846,36.762264150943395,0.2490566037735849,1.830188679245283,0.5283018867924528,undefined,undefined,undefined,undefined,undefined,undefined,undefined,undefined,undefined,undefined,undefined,undefined,undefined,undefined,undefined,undefined
2024-04-22,34151,77084,14685,9670,9796,66,485,140,128.87169811320754,290.88301886792453,55.41509433962264,36.490566037735846,36.966037735849056,0.2490566037735849,1.830188679245283,0.5283018867924528,undefined,undefined,undefined,undefined,undefined,undefined,undefined,undefined,undefined,undefined,undefined,undefined,undefined,undefined,undefined,undefined
2024-04-23,34183,77143,14778,9752,9653,67,485,140,128.99245283018868,291.1056603773585,55.76603773584905,36.8,36.426415094339625,0.2528301886792453,1.830188679245283,0.5283018867924528,undefined,undefined,undefined,undefined,undefined,undefined,undefined,undefined,undefined,undefined,undefined,undefined,undefined,undefined,undefined,undefined
2024-04-24,34262,77229,14778,9752,9732,67,485,140,129.29056603773586,291.4301886792453,55.76603773584905,36.8,36.72452830188679,0.2528301886792453,1.830188679245283,0.5283018867924528,undefined,undefined,undefined,undefined,undefined,undefined,undefined,undefined,undefined,undefined,undefined,undefined,undefined,undefined,undefined,undefined
2024-04-25,34305,77293,14778,9752,9775,67,485,141,129.45283018867926,291.6716981132075,55.76603773584905,36.8,36.886792452830186,0.2528301886792453,1.830188679245283,0.5320754716981132,undefined,undefined,undefined,undefined,undefined,undefined,undefined,undefined,undefined,undefined,undefined,undefined,undefined,undefined,undefined,undefined
2024-04-26,34356,77368,14778,9752,9826,67,485,141,129.64528301886793,291.9547169811321,55.76603773584905,36.8,37.07924528301887,0.2528301886792453,1.830188679245283,0.5320754716981132,undefined,undefined,undefined,undefined,undefined,undefined,undefined,undefined,undefined,undefined,undefined,undefined,undefined,undefined,undefined,undefined
2024-04-27,34388,77437,14778,9752,9858,67,485,141,129.76603773584907,292.2150943396226,55.76603773584905,36.8,37.2,0.2528301886792453,1.830188679245283,0.5320754716981132,undefined,undefined,undefined,undefined,undefined,undefined,undefined,undefined,undefined,undefined,undefined,undefined,undefined,undefined,undefined,undefined
2024-04-28,34454,77575,14873,9801,9780,67,491,141,130.01509433962264,292.7358490566038,56.12452830188679,36.98490566037736,36.905660377358494,0.2528301886792453,1.8528301886792453,0.5320754716981132,undefined,undefined,undefined,undefined,undefined,undefined,undefined,undefined,undefined,undefined,undefined,undefined,undefined,undefined,undefined,undefined
2024-04-29,34488,77643,14873,9801,9814,67,491,141,130.1433962264151,292.99245283018865,56.12452830188679,36.98490566037736,37.033962264150944,0.2528301886792453,1.8528301886792453,0.5320754716981132,undefined,undefined,undefined,undefined,undefined,undefined,undefined,undefined,undefined,undefined,undefined,undefined,undefined,undefined,undefined,undefined
2024-04-30,34535,77704,14873,9801,9861,67,491,141,130.32075471698113,293.22264150943397,56.12452830188679,36.98490566037736,37.21132075471698,0.2528301886792453,1.8528301886792453,0.5320754716981132,undefined,undefined,undefined,undefined,undefined,undefined,undefined,undefined,undefined,undefined,undefined,undefined,undefined,undefined,undefined,undefined
2024-05-01,34568,77765,14873,9801,9894,67,491,141,130.4452830188679,293.45283018867923,56.12452830188679,36.98490566037736,37.33584905660377,0.2528301886792453,1.8528301886792453,0.5320754716981132,undefined,undefined,undefined,undefined,undefined,undefined,undefined,undefined,undefined,undefined,undefined,undefined,undefined,undefined,undefined,undefined
2024-05-02,34596,77816,14873,9801,9922,67,491,141,130.55094339622642,293.64528301886793,56.12452830188679,36.98490566037736,37.44150943396227,0.2528301886792453,1.8528301886792453,0.5320754716981132,undefined,undefined,undefined,undefined,undefined,undefined,undefined,undefined,undefined,undefined,undefined,undefined,undefined,undefined,undefined,undefined
2024-05-03,34622,77867,14944,9849,9829,68,492,141,130.64905660377357,293.8377358490566,56.39245283018868,37.16603773584906,37.09056603773585,0.25660377358490566,1.8566037735849057,0.5320754716981132,undefined,undefined,undefined,undefined,undefined,undefined,undefined,undefined,undefined,undefined,undefined,undefined,undefined,undefined,undefined,undefined
2024-05-04,34654,77908,14944,9849,9861,68,492,141,130.7698113207547,293.99245283018865,56.39245283018868,37.16603773584906,37.21132075471698,0.25660377358490566,1.8566037735849057,0.5320754716981132,undefined,undefined,undefined,undefined,undefined,undefined,undefined,undefined,undefined,undefined,undefined,undefined,undefined,undefined,undefined,undefined
2024-05-05,34683,78018,14944,9849,9890,68,492,141,130.87924528301886,294.4075471698113,56.39245283018868,37.16603773584906,37.320754716981135,0.25660377358490566,1.8566037735849057,0.5320754716981132,undefined,undefined,undefined,undefined,undefined,undefined,undefined,undefined,undefined,undefined,undefined,undefined,undefined,undefined,undefined,undefined
2024-05-06,34735,78108,14944,9849,9942,68,492,142,131.0754716981132,294.74716981132076,56.39245283018868,37.16603773584906,37.51698113207547,0.25660377358490566,1.8566037735849057,0.5358490566037736,undefined,undefined,undefined,undefined,undefined,undefined,undefined,undefined,undefined,undefined,undefined,undefined,undefined,undefined,undefined,undefined
2024-05-07,34789,78204,14944,9849,9996,68,492,142,131.27924528301887,295.1094339622642,56.39245283018868,37.16603773584906,37.72075471698113,0.25660377358490566,1.8566037735849057,0.5358490566037736,undefined,undefined,undefined,undefined,undefined,undefined,undefined,undefined,undefined,undefined,undefined,undefined,undefined,undefined,undefined,undefined
2024-05-08,34844,78404,15002,9893,9949,68,492,142,131.4867924528302,295.8641509433962,56.61132075471698,37.33207547169811,37.5433962264151,0.25660377358490566,1.8566037735849057,0.5358490566037736,undefined,undefined,undefined,undefined,undefined,undefined,undefined,undefined,undefined,undefined,undefined,undefined,undefined,undefined,undefined,undefined
2024-05-09,34904,78514,15002,9893,10009,68,492,142,131.71320754716982,296.2792452830189,56.61132075471698,37.33207547169811,37.76981132075472,0.25660377358490566,1.8566037735849057,0.5358490566037736,undefined,undefined,undefined,undefined,undefined,undefined,undefined,undefined,undefined,undefined,undefined,undefined,undefined,undefined,undefined,undefined
2024-05-10,34943,78572,15002,9893,10048,68,492,142,131.86037735849055,296.4981132075472,56.61132075471698,37.33207547169811,37.91698113207547,0.25660377358490566,1.8566037735849057,0.5358490566037736,undefined,undefined,undefined,undefined,undefined,undefined,undefined,undefined,undefined,undefined,undefined,undefined,undefined,undefined,undefined,undefined
2024-05-11,34971,78641,15002,9893,10076,68,492,143,131.96603773584906,296.7584905660377,56.61132075471698,37.33207547169811,38.02264150943396,0.25660377358490566,1.8566037735849057,0.539622641509434,undefined,undefined,undefined,undefined,undefined,undefined,undefined,undefined,undefined,undefined,undefined,undefined,undefined,undefined,undefined,undefined
2024-05-12,35034,78755,15002,9893,10139,68,492,143,132.20377358490566,297.188679245283,56.61132075471698,37.33207547169811,38.260377358490565,0.25660377358490566,1.8566037735849057,0.539622641509434,undefined,undefined,undefined,undefined,undefined,undefined,undefined,undefined,undefined,undefined,undefined,undefined,undefined,undefined,undefined,undefined
2024-05-13,35091,78827,15103,9961,10027,69,492,143,132.4188679245283,297.4603773584906,56.99245283018868,37.58867924528302,37.83773584905661,0.26037735849056604,1.8566037735849057,0.539622641509434,undefined,undefined,undefined,undefined,undefined,undefined,undefined,undefined,undefined,undefined,undefined,undefined,undefined,undefined,undefined,undefined
2024-05-14,35173,79061,15103,9961,10109,69,492,143,132.72830188679245,298.3433962264151,56.99245283018868,37.58867924528302,38.14716981132076,0.26037735849056604,1.8566037735849057,0.539622641509434,undefined,undefined,undefined,undefined,undefined,undefined,undefined,undefined,undefined,undefined,undefined,undefined,undefined,undefined,undefined,undefined
2024-05-15,35233,79141,15103,9961,10169,69,492,143,132.95471698113207,298.64528301886793,56.99245283018868,37.58867924528302,38.37358490566038,0.26037735849056604,1.8566037735849057,0.539622641509434,undefined,undefined,undefined,undefined,undefined,undefined,undefined,undefined,undefined,undefined,undefined,undefined,undefined,undefined,undefined,undefined
2024-05-16,35272,79205,15103,9961,10208,69,492,147,133.10188679245283,298.8867924528302,56.99245283018868,37.58867924528302,38.52075471698113,0.26037735849056604,1.8566037735849057,0.5547169811320755,undefined,undefined,undefined,undefined,undefined,undefined,undefined,undefined,undefined,undefined,undefined,undefined,undefined,undefined,undefined,undefined
2024-05-17,35303,79261,15103,9961,10239,69,492,147,133.2188679245283,299.09811320754716,56.99245283018868,37.58867924528302,38.637735849056604,0.26037735849056604,1.8566037735849057,0.5547169811320755,undefined,undefined,undefined,undefined,undefined,undefined,undefined,undefined,undefined,undefined,undefined,undefined,undefined,undefined,undefined,undefined
2024-05-18,35386,79366,15162,10018,10206,69,492,147,133.5320754716981,299.4943396226415,57.21509433962264,37.80377358490566,38.51320754716981,0.26037735849056604,1.8566037735849057,0.5547169811320755,undefined,undefined,undefined,undefined,undefined,undefined,undefined,undefined,undefined,undefined,undefined,undefined,undefined,undefined,undefined,undefined
2024-05-19,35456,79476,15162,10018,10276,69,492,147,133.79622641509434,299.90943396226413,57.21509433962264,37.80377358490566,38.77735849056604,0.26037735849056604,1.8566037735849057,0.5547169811320755,undefined,undefined,undefined,undefined,undefined,undefined,undefined,undefined,undefined,undefined,undefined,undefined,undefined,undefined,undefined,undefined
2024-05-20,35562,79652,15162,10018,10382,69,492,147,134.19622641509434,300.57358490566037,57.21509433962264,37.80377358490566,39.177358490566036,0.26037735849056604,1.8566037735849057,0.5547169811320755,undefined,undefined,undefined,undefined,undefined,undefined,undefined,undefined,undefined,undefined,undefined,undefined,undefined,undefined,undefined,undefined
2024-05-21,35647,79852,15162,10018,10467,69,492,147,134.51698113207547,301.3283018867925,57.21509433962264,37.80377358490566,39.49811320754717,0.26037735849056604,1.8566037735849057,0.5547169811320755,undefined,undefined,undefined,undefined,undefined,undefined,undefined,undefined,undefined,undefined,undefined,undefined,undefined,undefined,undefined,undefined
2024-05-22,35709,79990,15162,10018,10529,69,492,147,134.7509433962264,301.8490566037736,57.21509433962264,37.80377358490566,39.73207547169811,0.26037735849056604,1.8566037735849057,0.5547169811320755,undefined,undefined,undefined,undefined,undefined,undefined,undefined,undefined,undefined,undefined,undefined,undefined,undefined,undefined,undefined,undefined
2024-05-23,35800,80200,15239,10093,10468,69,493,147,135.0943396226415,302.64150943396226,57.50566037735849,38.08679245283019,39.50188679245283,0.26037735849056604,1.860377358490566,0.5547169811320755,undefined,undefined,undefined,undefined,undefined,undefined,undefined,undefined,undefined,undefined,undefined,undefined,undefined,undefined,undefined,undefined
2024-05-24,35857,80293,15239,10093,10525,69,493,147,135.30943396226414,302.99245283018865,57.50566037735849,38.08679245283019,39.716981132075475,0.26037735849056604,1.860377358490566,0.5547169811320755,undefined,undefined,undefined,undefined,undefined,undefined,undefined,undefined,undefined,undefined,undefined,undefined,undefined,undefined,undefined,undefined
2024-05-25,35903,80420,15239,10093,10571,69,493,147,135.48301886792453,303.47169811320754,57.50566037735849,38.08679245283019,39.89056603773585,0.26037735849056604,1.860377358490566,0.5547169811320755,undefined,undefined,undefined,undefined,undefined,undefined,undefined,undefined,undefined,undefined,undefined,undefined,undefined,undefined,undefined,undefined
2024-05-26,35984,80643,15239,10093,10652,69,493,147,135.78867924528302,304.31320754716984,57.50566037735849,38.08679245283019,40.19622641509434,0.26037735849056604,1.860377358490566,0.5547169811320755,undefined,undefined,undefined,undefined,undefined,undefined,undefined,undefined,undefined,undefined,undefined,undefined,undefined,undefined,undefined,undefined
2024-05-27,36050,81026,15239,10093,10718,69,495,147,136.03773584905662,305.7584905660377,57.50566037735849,38.08679245283019,40.445283018867926,0.26037735849056604,1.8679245283018868,0.5547169811320755,undefined,undefined,undefined,undefined,undefined,undefined,undefined,undefined,undefined,undefined,undefined,undefined,undefined,undefined,undefined,undefined
2024-05-28,36096,81136,15328,10171,10597,69,496,147,136.21132075471698,306.1735849056604,57.841509433962266,38.3811320754717,39.988679245283016,0.26037735849056604,1.8716981132075472,0.5547169811320755,undefined,undefined,undefined,undefined,undefined,undefined,undefined,undefined,undefined,undefined,undefined,undefined,undefined,undefined,undefined,undefined
2024-05-29,36171,81420,15328,10171,10672,69,496,147,136.49433962264152,307.24528301886795,57.841509433962266,38.3811320754717,40.27169811320755,0.26037735849056604,1.8716981132075472,0.5547169811320755,undefined,undefined,undefined,undefined,undefined,undefined,undefined,undefined,undefined,undefined,undefined,undefined,undefined,undefined,undefined,undefined
2024-05-30,36224,81777,15328,10171,10725,69,498,147,136.6943396226415,308.5924528301887,57.841509433962266,38.3811320754717,40.471698113207545,0.26037735849056604,1.879245283018868,0.5547169811320755,undefined,undefined,undefined,undefined,undefined,undefined,undefined,undefined,undefined,undefined,undefined,undefined,undefined,undefined,undefined,undefined
2024-05-31,36284,82057,15328,10171,10785,69,498,147,136.92075471698112,309.6490566037736,57.841509433962266,38.3811320754717,40.698113207547166,0.26037735849056604,1.879245283018868,0.5547169811320755,undefined,undefined,undefined,undefined,undefined,undefined,undefined,undefined,undefined,undefined,undefined,undefined,undefined,undefined,undefined,undefined
2024-06-01,36379,82407,15328,10171,10880,69,498,147,137.27924528301887,310.96981132075473,57.841509433962266,38.3811320754717,41.056603773584904,0.26037735849056604,1.879245283018868,0.5547169811320755,undefined,undefined,undefined,undefined,undefined,undefined,undefined,undefined,undefined,undefined,undefined,undefined,undefined,undefined,undefined,undefined
2024-06-02,36439,82627,15348,10231,10860,70,498,147,137.50566037735848,311.8,57.91698113207547,38.60754716981132,40.9811320754717,0.2641509433962264,1.879245283018868,0.5547169811320755,undefined,undefined,undefined,undefined,undefined,undefined,undefined,undefined,undefined,undefined,undefined,undefined,undefined,undefined,undefined,undefined
2024-06-03,36479,82777,15348,10231,10900,70,498,147,137.65660377358492,312.36603773584903,57.91698113207547,38.60754716981132,41.132075471698116,0.2641509433962264,1.879245283018868,0.5547169811320755,undefined,undefined,undefined,undefined,undefined,undefined,undefined,undefined,undefined,undefined,undefined,undefined,undefined,undefined,undefined,undefined
2024-06-04,36550,82959,15348,10231,10971,70,498,147,137.9245283018868,313.05283018867925,57.91698113207547,38.60754716981132,41.4,0.2641509433962264,1.879245283018868,0.5547169811320755,undefined,undefined,undefined,undefined,undefined,undefined,undefined,undefined,undefined,undefined,undefined,undefined,undefined,undefined,undefined,undefined
2024-06-05,36586,83074,15348,10231,11007,70,498,147,138.06037735849057,313.4867924528302,57.91698113207547,38.60754716981132,41.53584905660377,0.2641509433962264,1.879245283018868,0.5547169811320755,undefined,undefined,undefined,undefined,undefined,undefined,undefined,undefined,undefined,undefined,undefined,undefined,undefined,undefined,undefined,undefined
2024-06-06,36654,83309,15348,10231,11075,70,498,147,138.31698113207548,314.3735849056604,57.91698113207547,38.60754716981132,41.79245283018868,0.2641509433962264,1.879245283018868,0.5547169811320755,undefined,undefined,undefined,undefined,undefined,undefined,undefined,undefined,undefined,undefined,undefined,undefined,undefined,undefined,undefined,undefined
2024-06-07,36731,83530,15517,10279,10935,70,498,147,138.6075471698113,315.20754716981133,58.554716981132074,38.78867924528302,41.264150943396224,0.2641509433962264,1.879245283018868,0.5547169811320755,undefined,undefined,undefined,undefined,undefined,undefined,undefined,undefined,undefined,undefined,undefined,undefined,undefined,undefined,undefined,undefined
2024-06-08,36801,83680,15517,10279,11005,70,498,147,138.87169811320754,315.77358490566036,58.554716981132074,38.78867924528302,41.528301886792455,0.2641509433962264,1.879245283018868,0.5547169811320755,undefined,undefined,undefined,undefined,undefined,undefined,undefined,undefined,undefined,undefined,undefined,undefined,undefined,undefined,undefined,undefined
2024-06-09,37084,84494,15517,10279,11288,70,498,150,139.93962264150943,318.8452830188679,58.554716981132074,38.78867924528302,42.59622641509434,0.2641509433962264,1.879245283018868,0.5660377358490566,undefined,undefined,undefined,undefined,undefined,undefined,undefined,undefined,undefined,undefined,undefined,undefined,undefined,undefined,undefined,undefined
2024-06-10,37124,84712,15517,10279,11328,70,498,150,140.09056603773584,319.6679245283019,58.554716981132074,38.78867924528302,42.74716981132075,0.2641509433962264,1.879245283018868,0.5660377358490566,undefined,undefined,undefined,undefined,undefined,undefined,undefined,undefined,undefined,undefined,undefined,undefined,undefined,undefined,undefined,undefined
2024-06-11,37164,84832,15517,10279,11368,70,498,150,140.24150943396228,320.12075471698114,58.554716981132074,38.78867924528302,42.89811320754717,0.2641509433962264,1.879245283018868,0.5660377358490566,undefined,undefined,undefined,undefined,undefined,undefined,undefined,undefined,undefined,undefined,undefined,undefined,undefined,undefined,undefined,undefined
2024-06-12,37202,84932,15694,10367,11141,70,498,150,140.38490566037737,320.4981132075472,59.22264150943396,39.12075471698113,42.04150943396226,0.2641509433962264,1.879245283018868,0.5660377358490566,undefined,undefined,undefined,undefined,undefined,undefined,undefined,undefined,undefined,undefined,undefined,undefined,undefined,undefined,undefined,undefined
2024-06-13,37232,85037,15694,10367,11171,70,498,150,140.49811320754716,320.8943396226415,59.22264150943396,39.12075471698113,42.154716981132076,0.2641509433962264,1.879245283018868,0.5660377358490566,undefined,undefined,undefined,undefined,undefined,undefined,undefined,undefined,undefined,undefined,undefined,undefined,undefined,undefined,undefined,undefined
2024-06-14,37266,85102,15694,10367,11205,70,498,150,140.62641509433962,321.13962264150945,59.22264150943396,39.12075471698113,42.283018867924525,0.2641509433962264,1.879245283018868,0.5660377358490566,undefined,undefined,undefined,undefined,undefined,undefined,undefined,undefined,undefined,undefined,undefined,undefined,undefined,undefined,undefined,undefined
2024-06-15,37296,85197,15694,10367,11235,70,498,150,140.73962264150944,321.4981132075472,59.22264150943396,39.12075471698113,42.39622641509434,0.2641509433962264,1.879245283018868,0.5660377358490566,undefined,undefined,undefined,undefined,undefined,undefined,undefined,undefined,undefined,undefined,undefined,undefined,undefined,undefined,undefined,undefined
2024-06-16,37337,85299,15694,10367,11276,70,498,150,140.8943396226415,321.88301886792453,59.22264150943396,39.12075471698113,42.550943396226415,0.2641509433962264,1.879245283018868,0.5660377358490566,undefined,undefined,undefined,undefined,undefined,undefined,undefined,undefined,undefined,undefined,undefined,undefined,undefined,undefined,undefined,undefined
2024-06-17,37347,85372,15747,10406,11194,70,498,151,140.9320754716981,322.15849056603776,59.422641509433966,39.26792452830189,42.241509433962264,0.2641509433962264,1.879245283018868,0.569811320754717,undefined,undefined,undefined,undefined,undefined,undefined,undefined,undefined,undefined,undefined,undefined,undefined,undefined,undefined,undefined,undefined
2024-06-18,37372,85452,15747,10406,11219,70,498,151,141.02641509433963,322.4603773584906,59.422641509433966,39.26792452830189,42.33584905660377,0.2641509433962264,1.879245283018868,0.569811320754717,undefined,undefined,undefined,undefined,undefined,undefined,undefined,undefined,undefined,undefined,undefined,undefined,undefined,undefined,undefined,undefined
2024-06-19,37396,85523,15747,10406,11243,70,498,151,141.11698113207547,322.72830188679245,59.422641509433966,39.26792452830189,42.426415094339625,0.2641509433962264,1.879245283018868,0.569811320754717,undefined,undefined,undefined,undefined,undefined,undefined,undefined,undefined,undefined,undefined,undefined,undefined,undefined,undefined,undefined,undefined
2024-06-20,37431,85653,15747,10406,11278,70,498,151,141.2490566037736,323.2188679245283,59.422641509433966,39.26792452830189,42.55849056603773,0.2641509433962264,1.879245283018868,0.569811320754717,undefined,undefined,undefined,undefined,undefined,undefined,undefined,undefined,undefined,undefined,undefined,undefined,undefined,undefined,undefined,undefined
2024-06-21,37450,85742,15747,10406,11297,70,498,151,141.32075471698113,323.55471698113206,59.422641509433966,39.26792452830189,42.630188679245286,0.2641509433962264,1.879245283018868,0.569811320754717,undefined,undefined,undefined,undefined,undefined,undefined,undefined,undefined,undefined,undefined,undefined,undefined,undefined,undefined,undefined,undefined
2024-06-22,37551,85911,15821,10475,11255,70,499,152,141.70188679245283,324.1924528301887,59.70188679245283,39.528301886792455,42.471698113207545,0.2641509433962264,1.8830188679245283,0.5735849056603773,undefined,undefined,undefined,undefined,undefined,undefined,undefined,undefined,undefined,undefined,undefined,undefined,undefined,undefined,undefined,undefined
2024-06-23,37598,86032,15821,10475,11302,70,499,152,141.87924528301886,324.6490566037736,59.70188679245283,39.528301886792455,42.64905660377359,0.2641509433962264,1.8830188679245283,0.5735849056603773,undefined,undefined,undefined,undefined,undefined,undefined,undefined,undefined,undefined,undefined,undefined,undefined,undefined,undefined,undefined,undefined
2024-06-24,37626,86098,15821,10475,11330,70,499,152,141.98490566037736,324.89811320754717,59.70188679245283,39.528301886792455,42.75471698113208,0.2641509433962264,1.8830188679245283,0.5735849056603773,undefined,undefined,undefined,undefined,undefined,undefined,undefined,undefined,undefined,undefined,undefined,undefined,undefined,undefined,undefined,undefined
2024-06-25,37658,86237,15821,10475,11362,70,499,152,142.1056603773585,325.42264150943396,59.70188679245283,39.528301886792455,42.87547169811321,0.2641509433962264,1.8830188679245283,0.5735849056603773,undefined,undefined,undefined,undefined,undefined,undefined,undefined,undefined,undefined,undefined,undefined,undefined,undefined,undefined,undefined,undefined
2024-06-26,37718,86377,15821,10475,11422,70,499,152,142.33207547169812,325.9509433962264,59.70188679245283,39.528301886792455,43.10188679245283,0.2641509433962264,1.8830188679245283,0.5735849056603773,undefined,undefined,undefined,undefined,undefined,undefined,undefined,undefined,undefined,undefined,undefined,undefined,undefined,undefined,undefined,undefined
2024-06-27,37765,86429,15882,10538,11345,74,500,152,142.50943396226415,326.14716981132074,59.93207547169811,39.76603773584905,42.81132075471698,0.2792452830188679,1.8867924528301887,0.5735849056603773,42.8,103.6,12.2,12.6,18,0.8,0.2,0,214,518,61,63,90,4,1,0