"reportDate","civic_buildings.ext_destroyed","civic_buildings.daily_average_ext_destroyed","civic_buildings.estimated_cost_ext_destroyed","educational_buildings.ext_destroyed","educational_buildings.ext_damaged","educational_buildings.daily_average_ext_destroyed","educational_buildings.estimated_cost_ext_destroyed","educational_buildings.daily_average_ext_damaged","educational_buildings.estimated_cost_ext_damaged","places_of_worship.ext_mosques_destroyed","places_of_worship.ext_mosques_damaged","places_of_worship.ext_churches_destroyed","places_of_worship.daily_average_ext_mosques_destroyed","places_of_worship.estimated_cost_ext_mosques_destroyed","places_of_worship.daily_average_ext_mosques_damaged","places_of_worship.estimated_cost_ext_mosques_damaged","places_of_worship.daily_average_ext_churches_destroyed","places_of_worship.estimated_cost_ext_churches_destroyed","residential.ext_destroyed","residential.daily_average_ext_destroyed","residential.estimated_cost_ext_destroyed","residential.destroyed","civic_buildings.destroyed","educational_buildings.destroyed","educational_buildings.damaged","places_of_worship.mosques_destroyed","places_of_worship.mosques_damaged","places_of_worship.churches_destroyed"
"2023-10-07",5,0.019230769230769232,38275000,1,15,0.0038461538461538464,6089285.714285715,0.057692307692307696,23356164.38356164,2,4,"0",0.007692307692307693,6000000,0.015384615384615385,2000000,"0","0",80,0.3076923076923077,8000000,"0","0","0","0","0","0","0"
"2023-10-08",11,0.04230769230769231,84205000,1,30,0.0038461538461538464,6089285.714285715,0.11538461538461539,46712328.76712328,4,8,"0",0.015384615384615385,12000000,0.03076923076923077,4000000,"0","0",159,0.6115384615384616,15900000,159,"0","0","0","0","0","0"
"2023-10-09",16,0.06153846153846154,122480000,2,45,0.007692307692307693,12178571.42857143,0.17307692307692307,70068493.15068492,6,12,"0",0.023076923076923078,18000000,0.046153846153846156,6000000,"0","0",790,3.0384615384615383,79000000,790,"0","0","0","0","0","0"
"2023-10-10",22,0.08461538461538462,168410000,2,60,0.007692307692307693,12178571.42857143,0.23076923076923078,93424657.53424656,8,17,"0",0.03076923076923077,24000000,0.06538461538461539,8500000,"0","0",1009,3.8807692307692307,100900000,1009,"0","0","0","0","0","0"
"2023-10-11",27,0.10384615384615385,206685000,3,75,0.011538461538461539,18267857.14285714,0.28846153846153844,116780821.91780822,10,21,"0",0.038461538461538464,30000000,0.08076923076923077,10500000,"0","0",2835,10.903846153846153,283500000,2835,27,3,75,10,"0","0"
"2023-10-12",29,0.11153846153846154,221995000,3,75,0.011538461538461539,18267857.14285714,0.28846153846153844,116780821.91780822,10,25,"0",0.038461538461538464,30000000,0.09615384615384616,12500000,"0","0",4188,16.107692307692307,418800000,"0","0",3,75,10,"0","0"
"2023-10-13",31,0.11923076923076924,237305000,9,100,0.03461538461538462,54803571.42857143,0.38461538461538464,155707762.55707762,12,29,"0",0.046153846153846156,36000000,0.11153846153846154,14500000,"0","0",5540,21.307692307692307,554000000,5540,"0","0","0","0","0","0"
"2023-10-14",33,0.12692307692307692,252615000,14,124,0.05384615384615385,85250000,0.47692307692307695,193077625.57077625,14,33,"0",0.05384615384615385,42000000,0.12692307692307692,16500000,"0","0",7000,26.923076923076923,700000000,7000,"0",14,124,"0","0","0"
"2023-10-15",35,0.1346153846153846,267925000,14,143,0.05384615384615385,85250000,0.55,222662100.456621,16,37,"0",0.06153846153846154,48000000,0.1423076923076923,18500000,"0","0",8840,34,884000000,8840,"0",14,143,"0","0","0"
"2023-10-16",37,0.1423076923076923,283235000,18,150,0.06923076923076923,109607142.85714287,0.5769230769230769,233561643.83561644,18,41,1,0.06923076923076923,54000000,0.1576923076923077,20500000,0.0038461538461538464,3000000,10500,40.38461538461539,1050000000,10500,"0",18,150,"0","0","0"
"2023-10-17",39,0.15,298545000,18,153,0.06923076923076923,109607142.85714287,0.5884615384615385,238232876.71232876,20,46,1,0.07692307692307693,60000000,0.17692307692307693,23000000,0.0038461538461538464,3000000,12000,46.15384615384615,1200000000,12000,"0",18,153,"0","0","0"
"2023-10-18",41,0.1576923076923077,313855000,20,157,0.07692307692307693,121785714.2857143,0.6038461538461538,244461187.21461186,22,50,1,0.08461538461538462,66000000,0.19230769230769232,25000000,0.0038461538461538464,3000000,13577,52.21923076923077,1357700000,"0","0","0","0","0","0","0"
"2023-10-19",43,0.16538461538461538,329165000,22,160,0.08461538461538462,133964285.71428572,0.6153846153846154,249132420.09132418,24,54,1,0.09230769230769231,72000000,0.2076923076923077,27000000,0.0038461538461538464,3000000,15154,58.284615384615385,1515400000,"0","0","0","0","0","0","0"
"2023-10-20",45,0.17307692307692307,344475000,23,164,0.08846153846153847,140053571.42857143,0.6307692307692307,255360730.5936073,26,58,1,0.1,78000000,0.2230769230769231,29000000,0.0038461538461538464,3000000,16731,64.35,1673100000,"0","0","0","0","0","0","0"
"2023-10-21",47,0.18076923076923077,359785000,25,167,0.09615384615384616,152232142.85714287,0.6423076923076924,260031963.47031963,28,62,1,0.1076923076923077,84000000,0.23846153846153847,31000000,0.0038461538461538464,3000000,18308,70.41538461538461,1830800000,"0","0","0","0","0","0","0"
"2023-10-22",49,0.18846153846153846,375095000,27,171,0.10384615384615385,164410714.2857143,0.6576923076923077,266260273.97260273,30,66,1,0.11538461538461539,90000000,0.25384615384615383,33000000,0.0038461538461538464,3000000,19885,76.48076923076923,1988500000,"0","0","0","0","0","0","0"
"2023-10-23",51,0.19615384615384615,390405000,29,174,0.11153846153846154,176589285.71428573,0.6692307692307692,270931506.84931505,32,70,1,0.12307692307692308,96000000,0.2692307692307692,35000000,0.0038461538461538464,3000000,21462,82.54615384615384,2146200000,"0","0","0","0","0","0","0"
"2023-10-24",53,0.20384615384615384,405715000,30,178,0.11538461538461539,182678571.42857143,0.6846153846153846,277159817.35159814,34,75,1,0.13076923076923078,102000000,0.28846153846153844,37500000,0.0038461538461538464,3000000,23038,88.6076923076923,2303800000,"0","0","0","0","0","0","0"
"2023-10-25",55,0.21153846153846154,421025000,32,181,0.12307692307692308,194857142.85714287,0.6961538461538461,281831050.22831047,36,79,1,0.13846153846153847,108000000,0.3038461538461538,39500000,0.0038461538461538464,3000000,24615,94.67307692307692,2461500000,"0","0","0","0","0","0","0"
"2023-10-26",57,0.21923076923076923,436335000,34,185,0.13076923076923078,207035714.2857143,0.7115384615384616,288059360.7305936,38,83,1,0.14615384615384616,114000000,0.3192307692307692,41500000,0.0038461538461538464,3000000,26192,100.73846153846154,2619200000,"0","0","0","0","0","0","0"
"2023-10-27",59,0.22692307692307692,451645000,36,188,0.13846153846153847,219214285.71428573,0.7230769230769231,292730593.60730594,39,87,1,0.15,117000000,0.3346153846153846,43500000,0.0038461538461538464,3000000,27769,106.80384615384615,2776900000,"0","0","0","0","0","0","0"
"2023-10-28",60,0.23076923076923078,459300000,37,192,0.1423076923076923,225303571.42857143,0.7384615384615385,298958904.10958904,41,91,1,0.1576923076923077,123000000,0.35,45500000,0.0038461538461538464,3000000,29346,112.86923076923077,2934600000,"0","0","0","0","0","0","0"
"2023-10-29",62,0.23846153846153847,474610000,39,196,0.15,237482142.85714287,0.7538461538461538,305187214.61187214,43,95,1,0.16538461538461538,129000000,0.36538461538461536,47500000,0.0038461538461538464,3000000,30923,118.93461538461538,3092300000,"0","0","0","0","0","0","0"
"2023-10-30",64,0.24615384615384617,489920000,41,199,0.1576923076923077,249660714.2857143,0.7653846153846153,309858447.48858446,45,99,1,0.17307692307692307,135000000,0.38076923076923075,49500000,0.0038461538461538464,3000000,32500,125,3250000000,32500,"0","0","0","0","0","0"
"2023-10-31",66,0.25384615384615383,505230000,43,203,0.16538461538461538,261839285.71428573,0.7807692307692308,316086757.99086756,47,104,1,0.18076923076923077,141000000,0.4,52000000,0.0038461538461538464,3000000,33571,129.11923076923077,3357100000,"0","0","0","0","0","0","0"
"2023-11-01",68,0.26153846153846155,520540000,44,206,0.16923076923076924,267928571.42857143,0.7923076923076923,320757990.8675799,49,108,1,0.18846153846153846,147000000,0.4153846153846154,54000000,0.0038461538461538464,3000000,34643,133.2423076923077,3464300000,"0","0","0","0","0","0","0"
"2023-11-02",70,0.2692307692307692,535850000,46,210,0.17692307692307693,280107142.85714287,0.8076923076923077,326986301.369863,51,112,1,0.19615384615384615,153000000,0.4307692307692308,56000000,0.0038461538461538464,3000000,35714,137.36153846153846,3571400000,"0","0","0","0","0","0","0"
"2023-11-03",72,0.27692307692307694,551160000,48,213,0.18461538461538463,292285714.28571427,0.8192307692307692,331657534.2465753,53,116,1,0.20384615384615384,159000000,0.4461538461538462,58000000,0.0038461538461538464,3000000,36786,141.48461538461538,3678600000,"0","0","0","0","0","0","0"
"2023-11-04",74,0.2846153846153846,566470000,50,217,0.19230769230769232,304464285.71428573,0.8346153846153846,337885844.74885845,55,120,2,0.21153846153846154,165000000,0.46153846153846156,60000000,0.007692307692307693,6000000,37857,145.60384615384615,3785700000,"0","0","0","0","0","0","0"
"2023-11-05",76,0.2923076923076923,581780000,51,220,0.19615384615384615,310553571.42857146,0.8461538461538461,342557077.6255708,57,124,2,0.21923076923076923,171000000,0.47692307692307695,62000000,0.007692307692307693,6000000,38929,149.72692307692307,3892900000,"0","0","0","0","0","0","0"
"2023-11-06",78,0.3,597090000,53,224,0.20384615384615384,322732142.85714287,0.8615384615384616,348785388.1278539,59,128,2,0.22692307692307692,177000000,0.49230769230769234,64000000,0.007692307692307693,6000000,40000,153.84615384615384,4000000000,40000,"0","0","0","0","0","0"
"2023-11-07",80,0.3076923076923077,612400000,55,227,0.21153846153846154,334910714.2857143,0.8730769230769231,353456621.0045662,61,133,2,0.23461538461538461,183000000,0.5115384615384615,66500000,0.007692307692307693,6000000,40250,154.80769230769232,4025000000,"0","0","0","0","0","0","0"
"2023-11-08",82,0.3153846153846154,627710000,57,231,0.21923076923076923,347089285.71428573,0.8884615384615384,359684931.5068493,63,137,2,0.2423076923076923,189000000,0.5269230769230769,68500000,0.007692307692307693,6000000,40500,155.76923076923077,4050000000,"0","0","0","0","0","0","0"
"2023-11-09",84,0.3230769230769231,643020000,58,234,0.2230769230769231,353178571.42857146,0.9,364356164.3835616,65,141,2,0.25,195000000,0.5423076923076923,70500000,0.007692307692307693,6000000,40750,156.73076923076923,4075000000,"0","0","0","0","0","0","0"
"2023-11-10",88,0.3384615384615385,673640000,60,238,0.23076923076923078,365357142.85714287,0.9153846153846154,370584474.8858447,67,145,2,0.25769230769230766,201000000,0.5576923076923077,72500000,0.007692307692307693,6000000,41000,157.69230769230768,4100000000,41000,88,60,238,67,145,3
"2023-11-11",89,0.3423076923076923,681295000,60,239,0.23076923076923078,365357142.85714287,0.9192307692307692,372141552.5114155,68,146,2,0.26153846153846155,204000000,0.5615384615384615,73000000,0.007692307692307693,6000000,41015,157.75,4101500000,"0","0","0","0","0","0","0"
"2023-11-12",89,0.3423076923076923,681295000,61,241,0.23461538461538461,371446428.5714286,0.926923076923077,375255707.762557,70,148,2,0.2692307692307692,210000000,0.5692307692307692,74000000,0.007692307692307693,6000000,41030,157.80769230769232,4103000000,41030,"0","0","0","0","0","0"
"2023-11-13",90,0.34615384615384615,688950000,61,242,0.23461538461538461,371446428.5714286,0.9307692307692308,376812785.38812786,71,149,2,0.27307692307692305,213000000,0.573076923076923,74500000,0.007692307692307693,6000000,41120,158.15384615384616,4112000000,41120,"0","0","0","0","0","0"
"2023-11-14",91,0.35,696605000,61,243,0.23461538461538461,371446428.5714286,0.9346153846153846,378369863.01369864,72,151,2,0.27692307692307694,216000000,0.5807692307692308,75500000,0.007692307692307693,6000000,42000,161.53846153846155,4200000000,42000,"0","0","0","0","0","0"
"2023-11-15",91,0.35,696605000,62,245,0.23846153846153847,377535714.2857143,0.9423076923076923,381484018.2648402,74,152,2,0.2846153846153846,222000000,0.5846153846153846,76000000,0.007692307692307693,6000000,42250,162.5,4225000000,"0","0","0","0","0","0","0"
"2023-11-16",92,0.35384615384615387,704260000,62,246,0.23846153846153847,377535714.2857143,0.9461538461538461,383041095.89041096,75,154,2,0.28846153846153844,225000000,0.5923076923076923,77000000,0.007692307692307693,6000000,42500,163.46153846153845,4250000000,"0","0","0","0","0","0","0"
"2023-11-17",93,0.3576923076923077,711915000,62,247,0.23846153846153847,377535714.2857143,0.95,384598173.51598173,76,155,2,0.2923076923076923,228000000,0.5961538461538461,77500000,0.007692307692307693,6000000,42750,164.42307692307693,4275000000,"0","0","0","0","0","0","0"
"2023-11-18",93,0.3576923076923077,711915000,63,249,0.2423076923076923,383625000,0.9576923076923077,387712328.7671233,78,156,2,0.3,234000000,0.6,78000000,0.007692307692307693,6000000,43000,165.3846153846154,4300000000,43000,"0","0","0","0","0","0"
"2023-11-19",94,0.36153846153846153,719570000,63,250,0.2423076923076923,383625000,0.9615384615384616,389269406.39269406,79,158,2,0.3038461538461538,237000000,0.6076923076923076,79000000,0.007692307692307693,6000000,43000,165.3846153846154,4300000000,43000,"0","0","0","0","0","0"
"2023-11-20",95,0.36538461538461536,727225000,63,251,0.2423076923076923,383625000,0.9653846153846154,390826484.01826483,80,159,2,0.3076923076923077,240000000,0.6115384615384616,79500000,0.007692307692307693,6000000,43000,165.3846153846154,4300000000,43000,"0","0","0","0","0","0"
"2023-11-21",96,0.36923076923076925,734880000,63,253,0.2423076923076923,383625000,0.9730769230769231,393940639.2694064,82,161,2,0.3153846153846154,246000000,0.6192307692307693,80500000,0.007692307692307693,6000000,44000,169.23076923076923,4400000000,44000,"0","0","0","0","0","0"
"2023-11-22",96,0.36923076923076925,734880000,64,254,0.24615384615384617,389714285.71428573,0.9769230769230769,395497716.89497715,83,162,2,0.3192307692307692,249000000,0.6230769230769231,81000000,0.007692307692307693,6000000,45000,173.07692307692307,4500000000,45000,"0","0","0","0","0","0"
"2023-11-23",97,0.3730769230769231,742535000,64,255,0.24615384615384617,389714285.71428573,0.9807692307692307,397054794.5205479,84,164,3,0.3230769230769231,252000000,0.6307692307692307,82000000,0.011538461538461539,9000000,46000,176.92307692307693,4600000000,46000,"0","0","0","0","0","0"
"2023-11-24",98,0.3769230769230769,750190000,64,256,0.24615384615384617,389714285.71428573,0.9846153846153847,398611872.1461187,86,165,3,0.33076923076923076,258000000,0.6346153846153846,82500000,0.011538461538461539,9000000,47000,180.76923076923077,4700000000,"0","0","0","0","0","0","0"
"2023-11-25",98,0.3769230769230769,750190000,65,258,0.25,395803571.42857146,0.9923076923076923,401726027.39726025,87,166,3,0.3346153846153846,261000000,0.6384615384615384,83000000,0.011538461538461539,9000000,48000,184.6153846153846,4800000000,"0","0","0","0","0","0","0"
"2023-11-26",99,0.38076923076923075,757845000,65,259,0.25,395803571.42857146,0.9961538461538462,403283105.022831,89,168,3,0.3423076923076923,267000000,0.6461538461538462,84000000,0.011538461538461539,9000000,49000,188.46153846153845,4900000000,"0","0","0","0","0","0","0"
"2023-11-27",100,0.38461538461538464,765500000,65,260,0.25,395803571.42857146,1,404840182.6484018,90,169,3,0.34615384615384615,270000000,0.65,84500000,0.011538461538461539,9000000,50000,192.30769230769232,5000000000,50000,"0","0","0","0","0","0"
"2023-11-28",100,0.38461538461538464,765500000,66,262,0.25384615384615383,401892857.14285713,1.0076923076923077,407954337.89954334,91,171,3,0.35,273000000,0.6576923076923077,85500000,0.011538461538461539,9000000,50000,192.30769230769232,5000000000,"0","0","0","0","0","0","0"
"2023-11-29",101,0.38846153846153847,773155000,66,263,0.25384615384615383,401892857.14285713,1.0115384615384615,409511415.5251141,93,172,3,0.3576923076923077,279000000,0.6615384615384615,86000000,0.011538461538461539,9000000,50000,192.30769230769232,5000000000,"0","0","0","0","0","0","0"
"2023-11-30",102,0.3923076923076923,780810000,66,264,0.25384615384615383,401892857.14285713,1.0153846153846153,411068493.1506849,94,174,3,0.36153846153846153,282000000,0.6692307692307692,87000000,0.011538461538461539,9000000,50000,192.30769230769232,5000000000,50000,"0","0","0","0","0","0"
"2023-12-01",103,0.39615384615384613,788465000,67,267,0.25769230769230766,407982142.85714287,1.0269230769230768,415739726.0273972,95,175,3,0.36538461538461536,285000000,0.6730769230769231,87500000,0.011538461538461539,9000000,50000,192.30769230769232,5000000000,50000,103,"0",267,"0",175,"0"
"2023-12-02",103,0.39615384615384613,788465000,67,267,0.25769230769230766,407982142.85714287,1.0269230769230768,415739726.0273972,97,181,3,0.3730769230769231,291000000,0.6961538461538461,90500000,0.011538461538461539,9000000,50000,192.30769230769232,5000000000,50000,"0",67,267,"0",181,3
"2023-12-03",103,0.39615384615384613,788465000,67,270,0.25769230769230766,407982142.85714287,1.0384615384615385,420410958.90410954,98,183,3,0.3769230769230769,294000000,0.7038461538461539,91500000,0.011538461538461539,9000000,50000,192.30769230769232,5000000000,50000,103,67,270,"0",183,3
"2023-12-04",107,0.4115384615384615,819085000,69,271,0.2653846153846154,420160714.2857143,1.0423076923076924,421968036.5296804,99,186,3,0.38076923076923075,297000000,0.7153846153846154,93000000,0.011538461538461539,9000000,51000,196.15384615384616,5100000000,"0","0","0","0","0","0","0"
"2023-12-05",110,0.4230769230769231,842050000,70,273,0.2692307692307692,426250000,1.05,425082191.7808219,101,189,3,0.38846153846153847,303000000,0.7269230769230769,94500000,0.011538461538461539,9000000,52000,200,5200000000,52000,"0","0","0","0","0","0"
"2023-12-06",114,0.43846153846153846,872670000,72,274,0.27692307692307694,438428571.42857146,1.0538461538461539,426639269.4063927,102,191,3,0.3923076923076923,306000000,0.7346153846153847,95500000,0.011538461538461539,9000000,52000,200,5200000000,"0","0","0","0","0","0","0"
"2023-12-07",121,0.4653846153846154,926255000,73,275,0.28076923076923077,444517857.14285713,1.0576923076923077,428196347.03196347,103,194,3,0.39615384615384613,309000000,0.7461538461538462,97000000,0.011538461538461539,9000000,52000,200,5200000000,52000,121,73,275,"0",194,3
"2023-12-08",122,0.46923076923076923,933910000,73,275,0.28076923076923077,444517857.14285713,1.0576923076923077,428196347.03196347,105,194,3,0.40384615384615385,315000000,0.7461538461538462,97000000,0.011538461538461539,9000000,52100,200.3846153846154,5210000000,"0","0","0","0","0","0","0"
"2023-12-09",123,0.47307692307692306,941565000,74,276,0.2846153846153846,450607142.85714287,1.0615384615384615,429753424.65753424,106,195,3,0.4076923076923077,318000000,0.75,97500000,0.011538461538461539,9000000,52200,200.76923076923077,5220000000,"0","0","0","0","0","0","0"
"2023-12-10",124,0.47692307692307695,949220000,74,276,0.2846153846153846,450607142.85714287,1.0615384615384615,429753424.65753424,107,195,3,0.4115384615384615,321000000,0.75,97500000,0.011538461538461539,9000000,52300,201.15384615384616,5230000000,"0","0","0","0","0","0","0"
"2023-12-11",124,0.47692307692307695,949220000,75,276,0.28846153846153844,456696428.5714286,1.0615384615384615,429753424.65753424,109,196,3,0.41923076923076924,327000000,0.7538461538461538,98000000,0.011538461538461539,9000000,52400,201.53846153846155,5240000000,"0","0","0","0","0","0","0"
"2023-12-12",126,0.4846153846153846,964530000,75,277,0.28846153846153844,456696428.5714286,1.0653846153846154,431310502.283105,110,196,3,0.4230769230769231,330000000,0.7538461538461538,98000000,0.011538461538461539,9000000,52500,201.92307692307693,5250000000,52500,126,75,277,110,196,3
"2023-12-13",126,0.4846153846153846,964530000,80,278,0.3076923076923077,487142857.1428572,1.0692307692307692,432867579.9086758,111,197,3,0.4269230769230769,333000000,0.7576923076923077,98500000,0.011538461538461539,9000000,52500,201.92307692307693,5250000000,"0","0","0","0","0","0","0"
"2023-12-14",126,0.4846153846153846,964530000,85,280,0.3269230769230769,517589285.71428573,1.0769230769230769,435981735.15981734,111,199,3,0.4269230769230769,333000000,0.7653846153846153,99500000,0.011538461538461539,9000000,52500,201.92307692307693,5250000000,"0","0","0","0","0","0","0"
"2023-12-15",126,0.4846153846153846,964530000,90,282,0.34615384615384615,548035714.2857143,1.0846153846153845,439095890.4109589,112,200,3,0.4307692307692308,336000000,0.7692307692307693,100000000,0.011538461538461539,9000000,52500,201.92307692307693,5250000000,52500,126,90,282,112,200,3
"2023-12-16",126,0.4846153846153846,964530000,90,282,0.34615384615384615,548035714.2857143,1.0846153846153845,439095890.4109589,112,200,3,0.4307692307692308,336000000,0.7692307692307693,100000000,0.011538461538461539,9000000,52500,201.92307692307693,5250000000,"0","0","0","0","0","0","0"
"2023-12-17",126,0.4846153846153846,964530000,90,282,0.34615384615384615,548035714.2857143,1.0846153846153845,439095890.4109589,112,200,3,0.4307692307692308,336000000,0.7692307692307693,100000000,0.011538461538461539,9000000,52500,201.92307692307693,5250000000,"0","0","0","0","0","0","0"
"2023-12-18",126,0.4846153846153846,964530000,90,282,0.34615384615384615,548035714.2857143,1.0846153846153845,439095890.4109589,112,200,3,0.4307692307692308,336000000,0.7692307692307693,100000000,0.011538461538461539,9000000,52500,201.92307692307693,5250000000,52500,126,90,282,112,200,3
"2023-12-19",126,0.4846153846153846,964530000,90,282,0.34615384615384615,548035714.2857143,1.0846153846153845,439095890.4109589,112,200,3,0.4307692307692308,336000000,0.7692307692307693,100000000,0.011538461538461539,9000000,52600,202.30769230769232,5260000000,52600,126,90,282,112,200,3
"2023-12-20",126,0.4846153846153846,964530000,90,283,0.34615384615384615,548035714.2857143,1.0884615384615384,440652968.03652966,114,200,3,0.43846153846153846,342000000,0.7692307692307693,100000000,0.011538461538461539,9000000,53000,203.84615384615384,5300000000,53000,126,90,283,114,200,3
"2023-12-21",126,0.4846153846153846,964530000,91,284,0.35,554125000,1.0923076923076922,442210045.66210043,114,200,3,0.43846153846153846,342000000,0.7692307692307693,100000000,0.011538461538461539,9000000,55400,213.07692307692307,5540000000,"0","0","0","0","0","0","0"
"2023-12-22",126,0.4846153846153846,964530000,91,284,0.35,554125000,1.0923076923076922,442210045.66210043,115,200,3,0.4423076923076923,345000000,0.7692307692307693,100000000,0.011538461538461539,9000000,57800,222.30769230769232,5780000000,"0","0","0","0","0","0","0"
"2023-12-23",126,0.4846153846153846,964530000,92,285,0.35384615384615387,560214285.7142857,1.0961538461538463,443767123.2876712,115,200,3,0.4423076923076923,345000000,0.7692307692307693,100000000,0.011538461538461539,9000000,60200,231.53846153846155,6020000000,"0",126,92,285,115,200,3
"2023-12-24",126,0.4846153846153846,964530000,92,285,0.35384615384615387,560214285.7142857,1.0961538461538463,443767123.2876712,115,200,3,0.4423076923076923,345000000,0.7692307692307693,100000000,0.011538461538461539,9000000,62600,240.76923076923077,6260000000,"0","0","0","0","0","0","0"
"2023-12-25",126,0.4846153846153846,964530000,92,285,0.35384615384615387,560214285.7142857,1.0961538461538463,443767123.2876712,115,200,3,0.4423076923076923,345000000,0.7692307692307693,100000000,0.011538461538461539,9000000,65000,250,6500000000,65000,126,92,285,115,200,3
"2023-12-26",126,0.4846153846153846,964530000,92,285,0.35384615384615387,560214285.7142857,1.0961538461538463,443767123.2876712,115,200,3,0.4423076923076923,345000000,0.7692307692307693,100000000,0.011538461538461539,9000000,65000,250,6500000000,"0","0","0","0","0","0","0"
"2023-12-27",126,0.4846153846153846,964530000,92,285,0.35384615384615387,560214285.7142857,1.0961538461538463,443767123.2876712,115,200,3,0.4423076923076923,345000000,0.7692307692307693,100000000,0.011538461538461539,9000000,65000,250,6500000000,65000,126,92,285,115,200,3
"2023-12-28",126,0.4846153846153846,964530000,92,285,0.35384615384615387,560214285.7142857,1.0961538461538463,443767123.2876712,116,203,3,0.4461538461538462,348000000,0.7807692307692308,101500000,0.011538461538461539,9000000,65000,250,6500000000,"0","0","0","0","0","0","0"
"2023-12-29",126,0.4846153846153846,964530000,92,285,0.35384615384615387,560214285.7142857,1.0961538461538463,443767123.2876712,116,205,3,0.4461538461538462,348000000,0.7884615384615384,102500000,0.011538461538461539,9000000,65000,250,6500000000,"0","0","0","0","0","0","0"
"2023-12-30",126,0.4846153846153846,964530000,92,285,0.35384615384615387,560214285.7142857,1.0961538461538463,443767123.2876712,117,208,3,0.45,351000000,0.8,104000000,0.011538461538461539,9000000,65000,250,6500000000,65000,126,92,285,117,208,3
"2023-12-31",126,0.4846153846153846,964530000,92,285,0.35384615384615387,560214285.7142857,1.0961538461538463,443767123.2876712,119,212,3,0.4576923076923077,357000000,0.8153846153846154,106000000,0.011538461538461539,9000000,65000,250,6500000000,65000,126,92,285,119,212,3
"2024-01-01",130,0.5,995150000,93,292,0.3576923076923077,566303571.4285715,1.123076923076923,454666666.6666666,120,212,3,0.46153846153846156,360000000,0.8153846153846154,106000000,0.011538461538461539,9000000,65000,250,6500000000,65000,130,93,292,120,212,3
"2024-01-02",130,0.5,995150000,93,292,0.3576923076923077,566303571.4285715,1.123076923076923,454666666.6666666,121,214,3,0.4653846153846154,363000000,0.823076923076923,107000000,0.011538461538461539,9000000,65000,250,6500000000,"0","0","0","0","0","0","0"
"2024-01-03",130,0.5,995150000,93,292,0.3576923076923077,566303571.4285715,1.123076923076923,454666666.6666666,121,216,3,0.4653846153846154,363000000,0.8307692307692308,108000000,0.011538461538461539,9000000,65000,250,6500000000,"0","0","0","0","0","0","0"
"2024-01-04",130,0.5,995150000,93,292,0.3576923076923077,566303571.4285715,1.123076923076923,454666666.6666666,122,218,3,0.46923076923076923,366000000,0.8384615384615385,109000000,0.011538461538461539,9000000,65000,250,6500000000,65000,130,93,292,122,218,3
"2024-01-05",132,0.5076923076923077,1010460000,94,294,0.36153846153846153,572392857.1428572,1.1307692307692307,457780821.9178082,126,229,3,0.4846153846153846,378000000,0.8807692307692307,114500000,0.011538461538461539,9000000,67000,257.6923076923077,6700000000,"0","0","0","0","0","0","0"
"2024-01-06",134,0.5153846153846153,1025770000,94,295,0.36153846153846153,572392857.1428572,1.1346153846153846,459337899.54337895,130,240,3,0.5,390000000,0.9230769230769231,120000000,0.011538461538461539,9000000,69000,265.38461538461536,6900000000,69000,134,94,295,130,240,3
"2024-01-07",134,0.5153846153846153,1025770000,94,295,0.36153846153846153,572392857.1428572,1.1346153846153846,459337899.54337895,134,240,3,0.5153846153846153,402000000,0.9230769230769231,120000000,0.011538461538461539,9000000,69000,265.38461538461536,6900000000,69000,134,94,295,134,240,3
"2024-01-08",134,0.5153846153846153,1025770000,95,295,0.36538461538461536,578482142.8571429,1.1346153846153846,459337899.54337895,138,240,3,0.5307692307692308,414000000,0.9230769230769231,120000000,0.011538461538461539,9000000,69000,265.38461538461536,6900000000,"0","0","0","0","0","0","0"
"2024-01-09",134,0.5153846153846153,1025770000,95,295,0.36538461538461536,578482142.8571429,1.1346153846153846,459337899.54337895,142,240,3,0.5461538461538461,426000000,0.9230769230769231,120000000,0.011538461538461539,9000000,69000,265.38461538461536,6900000000,69000,134,95,295,142,240,3
"2024-01-10",134,0.5153846153846153,1025770000,95,295,0.36538461538461536,578482142.8571429,1.1346153846153846,459337899.54337895,142,240,3,0.5461538461538461,426000000,0.9230769230769231,120000000,0.011538461538461539,9000000,69100,265.7692307692308,6910000000,"0","0","0","0","0","0","0"
"2024-01-11",134,0.5153846153846153,1025770000,95,295,0.36538461538461536,578482142.8571429,1.1346153846153846,459337899.54337895,142,240,3,0.5461538461538461,426000000,0.9230769230769231,120000000,0.011538461538461539,9000000,69200,266.15384615384613,6920000000,69200,134,95,295,142,240,3
"2024-01-12",134,0.5153846153846153,1025770000,95,295,0.36538461538461536,578482142.8571429,1.1346153846153846,459337899.54337895,145,242,3,0.5576923076923077,435000000,0.9307692307692308,121000000,0.011538461538461539,9000000,69250,266.34615384615387,6925000000,"0","0","0","0","0","0","0"
"2024-01-13",134,0.5153846153846153,1025770000,95,295,0.36538461538461536,578482142.8571429,1.1346153846153846,459337899.54337895,147,243,3,0.5653846153846154,441000000,0.9346153846153846,121500000,0.011538461538461539,9000000,69300,266.53846153846155,6930000000,69300,"0","0","0","0","0","0"
"2024-01-14",134,0.5153846153846153,1025770000,95,295,0.36538461538461536,578482142.8571429,1.1346153846153846,459337899.54337895,150,245,3,0.5769230769230769,450000000,0.9423076923076923,122500000,0.011538461538461539,9000000,70000,269.2307692307692,7000000000,70000,134,95,295,150,245,3
"2024-01-15",135,0.5192307692307693,1033425000,96,295,0.36923076923076925,584571428.5714285,1.1346153846153846,459337899.54337895,152,245,3,0.5846153846153846,456000000,0.9423076923076923,122500000,0.011538461538461539,9000000,70000,269.2307692307692,7000000000,"0","0","0","0","0","0","0"
"2024-01-16",136,0.5230769230769231,1041080000,96,295,0.36923076923076925,584571428.5714285,1.1346153846153846,459337899.54337895,154,246,3,0.5923076923076923,462000000,0.9461538461538461,123000000,0.011538461538461539,9000000,70000,269.2307692307692,7000000000,"0","0","0","0","0","0","0"
"2024-01-17",137,0.5269230769230769,1048735000,97,295,0.3730769230769231,590660714.2857143,1.1346153846153846,459337899.54337895,155,246,3,0.5961538461538461,465000000,0.9461538461538461,123000000,0.011538461538461539,9000000,70000,269.2307692307692,7000000000,"0","0","0","0","0","0","0"
"2024-01-18",138,0.5307692307692308,1056390000,97,295,0.3730769230769231,590660714.2857143,1.1346153846153846,459337899.54337895,157,246,3,0.6038461538461538,471000000,0.9461538461538461,123000000,0.011538461538461539,9000000,70000,269.2307692307692,7000000000,70000,138,97,295,157,246,3
"2024-01-19",139,0.5346153846153846,1064045000,98,295,0.3769230769230769,596750000,1.1346153846153846,459337899.54337895,158,248,3,0.6076923076923076,474000000,0.9538461538461539,124000000,0.011538461538461539,9000000,70000,269.2307692307692,7000000000,"0","0","0","0","0","0","0"
"2024-01-20",139,0.5346153846153846,1064045000,98,295,0.3769230769230769,596750000,1.1346153846153846,459337899.54337895,159,250,3,0.6115384615384616,477000000,0.9615384615384616,125000000,0.011538461538461539,9000000,70000,269.2307692307692,7000000000,"0","0","0","0","0","0","0"
"2024-01-21",140,0.5384615384615384,1071700000,99,295,0.38076923076923075,602839285.7142857,1.1346153846153846,459337899.54337895,160,251,3,0.6153846153846154,480000000,0.9653846153846154,125500000,0.011538461538461539,9000000,70000,269.2307692307692,7000000000,"0","0","0","0","0","0","0"
"2024-01-22",140,0.5384615384615384,1071700000,99,295,0.38076923076923075,602839285.7142857,1.1346153846153846,459337899.54337895,161,253,3,0.6192307692307693,483000000,0.9730769230769231,126500000,0.011538461538461539,9000000,70000,269.2307692307692,7000000000,70000,140,99,295,161,253,3
"2024-01-23",140,0.5384615384615384,1071700000,99,295,0.38076923076923075,602839285.7142857,1.1346153846153846,459337899.54337895,161,253,3,0.6192307692307693,483000000,0.9730769230769231,126500000,0.011538461538461539,9000000,70000,269.2307692307692,7000000000,"0","0","0","0","0","0","0"
"2024-01-24",140,0.5384615384615384,1071700000,99,295,0.38076923076923075,602839285.7142857,1.1346153846153846,459337899.54337895,161,253,3,0.6192307692307693,483000000,0.9730769230769231,126500000,0.011538461538461539,9000000,70000,269.2307692307692,7000000000,"0","0","0","0","0","0","0"
"2024-01-25",140,0.5384615384615384,1071700000,99,295,0.38076923076923075,602839285.7142857,1.1346153846153846,459337899.54337895,161,253,3,0.6192307692307693,483000000,0.9730769230769231,126500000,0.011538461538461539,9000000,70000,269.2307692307692,7000000000,"0","0","0","0","0","0","0"
"2024-01-26",140,0.5384615384615384,1071700000,99,295,0.38076923076923075,602839285.7142857,1.1346153846153846,459337899.54337895,161,253,3,0.6192307692307693,483000000,0.9730769230769231,126500000,0.011538461538461539,9000000,70000,269.2307692307692,7000000000,"0","0","0","0","0","0","0"
"2024-01-27",140,0.5384615384615384,1071700000,99,295,0.38076923076923075,602839285.7142857,1.1346153846153846,459337899.54337895,161,253,3,0.6192307692307693,483000000,0.9730769230769231,126500000,0.011538461538461539,9000000,70000,269.2307692307692,7000000000,"0","0","0","0","0","0","0"
"2024-01-28",140,0.5384615384615384,1071700000,99,295,0.38076923076923075,602839285.7142857,1.1346153846153846,459337899.54337895,161,253,3,0.6192307692307693,483000000,0.9730769230769231,126500000,0.011538461538461539,9000000,70000,269.2307692307692,7000000000,"0","0","0","0","0","0","0"
"2024-01-29",140,0.5384615384615384,1071700000,99,295,0.38076923076923075,602839285.7142857,1.1346153846153846,459337899.54337895,161,253,3,0.6192307692307693,483000000,0.9730769230769231,126500000,0.011538461538461539,9000000,70000,269.2307692307692,7000000000,"0","0","0","0","0","0","0"
"2024-01-30",140,0.5384615384615384,1071700000,99,295,0.38076923076923075,602839285.7142857,1.1346153846153846,459337899.54337895,161,253,3,0.6192307692307693,483000000,0.9730769230769231,126500000,0.011538461538461539,9000000,70000,269.2307692307692,7000000000,70000,140,99,295,161,253,3
"2024-01-31",140,0.5384615384615384,1071700000,99,295,0.38076923076923075,602839285.7142857,1.1346153846153846,459337899.54337895,167,256,3,0.6423076923076924,501000000,0.9846153846153847,128000000,0.011538461538461539,9000000,70000,269.2307692307692,7000000000,"0","0","0","0","0","0","0"
"2024-02-01",140,0.5384615384615384,1071700000,100,295,0.38461538461538464,608928571.4285715,1.1346153846153846,459337899.54337895,172,259,3,0.6615384615384615,516000000,0.9961538461538462,129500000,0.011538461538461539,9000000,70000,269.2307692307692,7000000000,"0","0","0","0","0","0","0"
"2024-02-02",140,0.5384615384615384,1071700000,100,295,0.38461538461538464,608928571.4285715,1.1346153846153846,459337899.54337895,178,261,3,0.6846153846153846,534000000,1.0038461538461538,130500000,0.011538461538461539,9000000,70000,269.2307692307692,7000000000,"0","0","0","0","0","0","0"
"2024-02-03",140,0.5384615384615384,1071700000,100,295,0.38461538461538464,608928571.4285715,1.1346153846153846,459337899.54337895,183,264,3,0.7038461538461539,549000000,1.0153846153846153,132000000,0.011538461538461539,9000000,70000,269.2307692307692,7000000000,70000,140,100,295,183,264,3
"2024-02-04",140,0.5384615384615384,1071700000,100,295,0.38461538461538464,608928571.4285715,1.1346153846153846,459337899.54337895,183,264,3,0.7038461538461539,549000000,1.0153846153846153,132000000,0.011538461538461539,9000000,70000,269.2307692307692,7000000000,"0","0","0","0","0","0","0"
"2024-02-05",141,0.5423076923076923,1079355000,100,295,0.38461538461538464,608928571.4285715,1.1346153846153846,459337899.54337895,183,265,3,0.7038461538461539,549000000,1.0192307692307692,132500000,0.011538461538461539,9000000,70000,269.2307692307692,7000000000,"0","0","0","0","0","0","0"
"2024-02-06",141,0.5423076923076923,1079355000,100,295,0.38461538461538464,608928571.4285715,1.1346153846153846,459337899.54337895,183,265,3,0.7038461538461539,549000000,1.0192307692307692,132500000,0.011538461538461539,9000000,70000,269.2307692307692,7000000000,"0","0","0","0","0","0","0"
"2024-02-07",141,0.5423076923076923,1079355000,100,295,0.38461538461538464,608928571.4285715,1.1346153846153846,459337899.54337895,184,265,3,0.7076923076923077,552000000,1.0192307692307692,132500000,0.011538461538461539,9000000,70000,269.2307692307692,7000000000,"0","0","0","0","0","0","0"
"2024-02-08",141,0.5423076923076923,1079355000,100,295,0.38461538461538464,608928571.4285715,1.1346153846153846,459337899.54337895,184,265,3,0.7076923076923077,552000000,1.0192307692307692,132500000,0.011538461538461539,9000000,70000,269.2307692307692,7000000000,"0","0",100,295,"0","0",3
"2024-02-09",142,0.5461538461538461,1087010000,100,295,0.38461538461538464,608928571.4285715,1.1346153846153846,459337899.54337895,184,266,3,0.7076923076923077,552000000,1.023076923076923,133000000,0.011538461538461539,9000000,70000,269.2307692307692,7000000000,"0","0","0","0","0","0","0"
"2024-02-10",142,0.5461538461538461,1087010000,100,295,0.38461538461538464,608928571.4285715,1.1346153846153846,459337899.54337895,184,266,3,0.7076923076923077,552000000,1.023076923076923,133000000,0.011538461538461539,9000000,70000,269.2307692307692,7000000000,"0","0","0","0","0","0","0"
"2024-02-11",142,0.5461538461538461,1087010000,100,295,0.38461538461538464,608928571.4285715,1.1346153846153846,459337899.54337895,184,266,3,0.7076923076923077,552000000,1.023076923076923,133000000,0.011538461538461539,9000000,70000,269.2307692307692,7000000000,70000,142,100,295,184,266,3
"2024-02-12",142,0.5461538461538461,1087010000,100,295,0.38461538461538464,608928571.4285715,1.1346153846153846,459337899.54337895,184,266,3,0.7076923076923077,552000000,1.023076923076923,133000000,0.011538461538461539,9000000,70000,269.2307692307692,7000000000,"0","0","0","0","0","0","0"
"2024-02-13",142,0.5461538461538461,1087010000,100,295,0.38461538461538464,608928571.4285715,1.1346153846153846,459337899.54337895,184,266,3,0.7076923076923077,552000000,1.023076923076923,133000000,0.011538461538461539,9000000,70000,269.2307692307692,7000000000,"0","0","0","0","0","0","0"
"2024-02-14",142,0.5461538461538461,1087010000,100,295,0.38461538461538464,608928571.4285715,1.1346153846153846,459337899.54337895,184,266,3,0.7076923076923077,552000000,1.023076923076923,133000000,0.011538461538461539,9000000,70000,269.2307692307692,7000000000,"0","0","0","0","0","0","0"
"2024-02-15",142,0.5461538461538461,1087010000,100,295,0.38461538461538464,608928571.4285715,1.1346153846153846,459337899.54337895,184,266,3,0.7076923076923077,552000000,1.023076923076923,133000000,0.011538461538461539,9000000,70000,269.2307692307692,7000000000,"0","0","0","0","0","0","0"
"2024-02-16",142,0.5461538461538461,1087010000,100,295,0.38461538461538464,608928571.4285715,1.1346153846153846,459337899.54337895,184,266,3,0.7076923076923077,552000000,1.023076923076923,133000000,0.011538461538461539,9000000,70000,269.2307692307692,7000000000,70000,142,100,295,184,266,3
"2024-02-17",142,0.5461538461538461,1087010000,100,295,0.38461538461538464,608928571.4285715,1.1346153846153846,459337899.54337895,184,266,3,0.7076923076923077,552000000,1.023076923076923,133000000,0.011538461538461539,9000000,70000,269.2307692307692,7000000000,70000,142,100,295,184,266,3
"2024-02-18",144,0.5538461538461539,1102320000,100,297,0.38461538461538464,608928571.4285715,1.1423076923076922,462452054.7945205,188,268,3,0.7230769230769231,564000000,1.0307692307692307,134000000,0.011538461538461539,9000000,70000,269.2307692307692,7000000000,"0","0","0","0","0","0","0"
"2024-02-19",146,0.5615384615384615,1117630000,100,298,0.38461538461538464,608928571.4285715,1.146153846153846,464009132.4200913,192,270,3,0.7384615384615385,576000000,1.0384615384615385,135000000,0.011538461538461539,9000000,70000,269.2307692307692,7000000000,"0","0","0","0","0","0","0"
"2024-02-20",148,0.5692307692307692,1132940000,100,300,0.38461538461538464,608928571.4285715,1.1538461538461537,467123287.6712329,196,272,3,0.7538461538461538,588000000,1.0461538461538462,136000000,0.011538461538461539,9000000,70000,269.2307692307692,7000000000,"0","0","0","0","0","0","0"
"2024-02-21",151,0.5807692307692308,1155905000,100,301,0.38461538461538464,608928571.4285715,1.1576923076923078,468680365.29680365,200,274,3,0.7692307692307693,600000000,1.0538461538461539,137000000,0.011538461538461539,9000000,70000,269.2307692307692,7000000000,"0","0","0","0","0","0","0"
"2024-02-22",153,0.5884615384615385,1171215000,100,303,0.38461538461538464,608928571.4285715,1.1653846153846155,471794520.5479452,204,276,3,0.7846153846153846,612000000,1.0615384615384615,138000000,0.011538461538461539,9000000,70000,269.2307692307692,7000000000,"0","0","0","0","0","0","0"
"2024-02-23",157,0.6038461538461538,1201835000,100,304,0.38461538461538464,608928571.4285715,1.1692307692307693,473351598.173516,208,278,3,0.8,624000000,1.0692307692307692,139000000,0.011538461538461539,9000000,70000,269.2307692307692,7000000000,70000,157,100,304,208,278,3
"2024-02-24",157,0.6038461538461538,1201835000,100,304,0.38461538461538464,608928571.4285715,1.1692307692307693,473351598.173516,209,279,3,0.8038461538461539,627000000,1.073076923076923,139500000,0.011538461538461539,9000000,70000,269.2307692307692,7000000000,"0","0","0","0","0","0","0"
"2024-02-25",158,0.6076923076923076,1209490000,100,304,0.38461538461538464,608928571.4285715,1.1692307692307693,473351598.173516,209,279,3,0.8038461538461539,627000000,1.073076923076923,139500000,0.011538461538461539,9000000,70000,269.2307692307692,7000000000,"0","0","0","0","0","0","0"
"2024-02-26",158,0.6076923076923076,1209490000,100,305,0.38461538461538464,608928571.4285715,1.1730769230769231,474908675.79908675,210,280,3,0.8076923076923077,630000000,1.0769230769230769,140000000,0.011538461538461539,9000000,70000,269.2307692307692,7000000000,"0","0","0","0","0","0","0"
"2024-02-27",159,0.6115384615384616,1217145000,100,305,0.38461538461538464,608928571.4285715,1.1730769230769231,474908675.79908675,210,280,3,0.8076923076923077,630000000,1.0769230769230769,140000000,0.011538461538461539,9000000,70000,269.2307692307692,7000000000,"0","0","0","0","0","0","0"
"2024-02-28",159,0.6115384615384616,1217145000,100,305,0.38461538461538464,608928571.4285715,1.1730769230769231,474908675.79908675,211,281,3,0.8115384615384615,633000000,1.0807692307692307,140500000,0.011538461538461539,9000000,70000,269.2307692307692,7000000000,"0","0","0","0","0","0","0"
"2024-02-29",160,0.6153846153846154,1224800000,100,305,0.38461538461538464,608928571.4285715,1.1730769230769231,474908675.79908675,211,281,3,0.8115384615384615,633000000,1.0807692307692307,140500000,0.011538461538461539,9000000,70000,269.2307692307692,7000000000,70000,160,100,305,211,281,3
"2024-03-01",161,0.6192307692307693,1232455000,100,305,0.38461538461538464,608928571.4285715,1.1730769230769231,474908675.79908675,213,282,3,0.8192307692307692,639000000,1.0846153846153845,141000000,0.011538461538461539,9000000,70000,269.2307692307692,7000000000,"0","0","0","0","0","0","0"
"2024-03-02",161,0.6192307692307693,1232455000,100,305,0.38461538461538464,608928571.4285715,1.1730769230769231,474908675.79908675,214,283,3,0.823076923076923,642000000,1.0884615384615384,141500000,0.011538461538461539,9000000,70000,269.2307692307692,7000000000,"0","0","0","0","0","0","0"
"2024-03-03",162,0.6230769230769231,1240110000,100,305,0.38461538461538464,608928571.4285715,1.1730769230769231,474908675.79908675,216,283,3,0.8307692307692308,648000000,1.0884615384615384,141500000,0.011538461538461539,9000000,70000,269.2307692307692,7000000000,"0","0","0","0","0","0","0"
"2024-03-04",163,0.6269230769230769,1247765000,100,305,0.38461538461538464,608928571.4285715,1.1730769230769231,474908675.79908675,217,284,3,0.8346153846153846,651000000,1.0923076923076922,142000000,0.011538461538461539,9000000,70000,269.2307692307692,7000000000,70000,163,100,305,217,284,3
"2024-03-05",164,0.6307692307692307,1255420000,100,305,0.38461538461538464,608928571.4285715,1.1730769230769231,474908675.79908675,217,285,3,0.8346153846153846,651000000,1.0961538461538463,142500000,0.011538461538461539,9000000,70000,269.2307692307692,7000000000,"0","0","0","0","0","0","0"
"2024-03-06",164,0.6307692307692307,1255420000,100,305,0.38461538461538464,608928571.4285715,1.1730769230769231,474908675.79908675,218,285,3,0.8384615384615385,654000000,1.0961538461538463,142500000,0.011538461538461539,9000000,70000,269.2307692307692,7000000000,"0","0","0","0","0","0","0"
"2024-03-07",165,0.6346153846153846,1263075000,100,305,0.38461538461538464,608928571.4285715,1.1730769230769231,474908675.79908675,218,286,3,0.8384615384615385,654000000,1.1,143000000,0.011538461538461539,9000000,70000,269.2307692307692,7000000000,"0","0","0","0","0","0","0"
"2024-03-08",165,0.6346153846153846,1263075000,100,305,0.38461538461538464,608928571.4285715,1.1730769230769231,474908675.79908675,219,286,3,0.8423076923076923,657000000,1.1,143000000,0.011538461538461539,9000000,70000,269.2307692307692,7000000000,"0","0","0","0","0","0","0"
"2024-03-09",166,0.6384615384615384,1270730000,100,305,0.38461538461538464,608928571.4285715,1.1730769230769231,474908675.79908675,219,287,3,0.8423076923076923,657000000,1.103846153846154,143500000,0.011538461538461539,9000000,70000,269.2307692307692,7000000000,70000,166,100,305,219,287,3
"2024-03-10",166,0.6384615384615384,1270730000,100,305,0.38461538461538464,608928571.4285715,1.1730769230769231,474908675.79908675,220,287,3,0.8461538461538461,660000000,1.103846153846154,143500000,0.011538461538461539,9000000,70000,269.2307692307692,7000000000,"0","0","0","0","0","0","0"
"2024-03-11",166,0.6384615384615384,1270730000,100,305,0.38461538461538464,608928571.4285715,1.1730769230769231,474908675.79908675,221,288,3,0.85,663000000,1.1076923076923078,144000000,0.011538461538461539,9000000,70000,269.2307692307692,7000000000,"0","0","0","0","0","0","0"
"2024-03-12",166,0.6384615384615384,1270730000,100,305,0.38461538461538464,608928571.4285715,1.1730769230769231,474908675.79908675,221,288,3,0.85,663000000,1.1076923076923078,144000000,0.011538461538461539,9000000,70000,269.2307692307692,7000000000,"0","0","0","0","0","0","0"
"2024-03-13",166,0.6384615384615384,1270730000,100,305,0.38461538461538464,608928571.4285715,1.1730769230769231,474908675.79908675,222,289,3,0.8538461538461538,666000000,1.1115384615384616,144500000,0.011538461538461539,9000000,70000,269.2307692307692,7000000000,"0","0","0","0","0","0","0"
"2024-03-14",166,0.6384615384615384,1270730000,100,305,0.38461538461538464,608928571.4285715,1.1730769230769231,474908675.79908675,223,289,3,0.8576923076923076,669000000,1.1115384615384616,144500000,0.011538461538461539,9000000,70000,269.2307692307692,7000000000,70000,166,100,305,223,289,3
"2024-03-15",166,0.6384615384615384,1270730000,100,305,0.38461538461538464,608928571.4285715,1.1730769230769231,474908675.79908675,223,289,3,0.8576923076923076,669000000,1.1115384615384616,144500000,0.011538461538461539,9000000,70000,269.2307692307692,7000000000,"0","0","0","0","0","0","0"
"2024-03-16",167,0.6423076923076924,1278385000,100,305,0.38461538461538464,608928571.4285715,1.1730769230769231,474908675.79908675,223,289,3,0.8576923076923076,669000000,1.1115384615384616,144500000,0.011538461538461539,9000000,70000,269.2307692307692,7000000000,"0","0","0","0","0","0","0"
"2024-03-17",167,0.6423076923076924,1278385000,100,305,0.38461538461538464,608928571.4285715,1.1730769230769231,474908675.79908675,223,289,3,0.8576923076923076,669000000,1.1115384615384616,144500000,0.011538461538461539,9000000,70000,269.2307692307692,7000000000,"0","0","0","0","0","0","0"
"2024-03-18",168,0.6461538461538462,1286040000,100,305,0.38461538461538464,608928571.4285715,1.1730769230769231,474908675.79908675,223,289,3,0.8576923076923076,669000000,1.1115384615384616,144500000,0.011538461538461539,9000000,70000,269.2307692307692,7000000000,"0","0","0","0","0","0","0"
"2024-03-19",168,0.6461538461538462,1286040000,100,305,0.38461538461538464,608928571.4285715,1.1730769230769231,474908675.79908675,224,290,3,0.8615384615384616,672000000,1.1153846153846154,145000000,0.011538461538461539,9000000,70000,269.2307692307692,7000000000,70000,168,100,305,224,290,3
"2024-03-20",168,0.6461538461538462,1286040000,100,305,0.38461538461538464,608928571.4285715,1.1730769230769231,474908675.79908675,224,290,3,0.8615384615384616,672000000,1.1153846153846154,145000000,0.011538461538461539,9000000,70000,269.2307692307692,7000000000,"0","0","0","0","0","0","0"
"2024-03-21",168,0.6461538461538462,1286040000,100,305,0.38461538461538464,608928571.4285715,1.1730769230769231,474908675.79908675,224,290,3,0.8615384615384616,672000000,1.1153846153846154,145000000,0.011538461538461539,9000000,70000,269.2307692307692,7000000000,"0","0","0","0","0","0","0"
"2024-03-22",168,0.6461538461538462,1286040000,100,305,0.38461538461538464,608928571.4285715,1.1730769230769231,474908675.79908675,224,290,3,0.8615384615384616,672000000,1.1153846153846154,145000000,0.011538461538461539,9000000,70000,269.2307692307692,7000000000,"0","0","0","0","0","0","0"
"2024-03-23",168,0.6461538461538462,1286040000,100,305,0.38461538461538464,608928571.4285715,1.1730769230769231,474908675.79908675,224,290,3,0.8615384615384616,672000000,1.1153846153846154,145000000,0.011538461538461539,9000000,70000,269.2307692307692,7000000000,"0","0","0","0","0","0","0"
"2024-03-24",168,0.6461538461538462,1286040000,100,305,0.38461538461538464,608928571.4285715,1.1730769230769231,474908675.79908675,224,290,3,0.8615384615384616,672000000,1.1153846153846154,145000000,0.011538461538461539,9000000,70000,269.2307692307692,7000000000,70000,168,100,305,224,290,3
"2024-03-25",168,0.6461538461538462,1286040000,100,305,0.38461538461538464,608928571.4285715,1.1730769230769231,474908675.79908675,225,291,3,0.8653846153846154,675000000,1.1192307692307693,145500000,0.011538461538461539,9000000,70000,269.2307692307692,7000000000,"0","0","0","0","0","0","0"
"2024-03-26",168,0.6461538461538462,1286040000,100,305,0.38461538461538464,608928571.4285715,1.1730769230769231,474908675.79908675,225,292,3,0.8653846153846154,675000000,1.123076923076923,146000000,0.011538461538461539,9000000,70000,269.2307692307692,7000000000,"0","0","0","0","0","0","0"
"2024-03-27",168,0.6461538461538462,1286040000,100,305,0.38461538461538464,608928571.4285715,1.1730769230769231,474908675.79908675,226,292,3,0.8692307692307693,678000000,1.123076923076923,146000000,0.011538461538461539,9000000,70000,269.2307692307692,7000000000,"0","0","0","0","0","0","0"
"2024-03-28",168,0.6461538461538462,1286040000,100,305,0.38461538461538464,608928571.4285715,1.1730769230769231,474908675.79908675,226,293,3,0.8692307692307693,678000000,1.126923076923077,146500000,0.011538461538461539,9000000,70000,269.2307692307692,7000000000,"0","0","0","0","0","0","0"
"2024-03-29",168,0.6461538461538462,1286040000,100,305,0.38461538461538464,608928571.4285715,1.1730769230769231,474908675.79908675,227,294,3,0.8730769230769231,681000000,1.1307692307692307,147000000,0.011538461538461539,9000000,70000,269.2307692307692,7000000000,70000,168,100,305,227,294,3
"2024-03-30",169,0.65,1293695000,100,305,0.38461538461538464,608928571.4285715,1.1730769230769231,474908675.79908675,227,295,3,0.8730769230769231,681000000,1.1346153846153846,147500000,0.011538461538461539,9000000,70000,269.2307692307692,7000000000,"0","0","0","0","0","0","0"
"2024-03-31",169,0.65,1293695000,100,305,0.38461538461538464,608928571.4285715,1.1730769230769231,474908675.79908675,228,295,3,0.8769230769230769,684000000,1.1346153846153846,147500000,0.011538461538461539,9000000,70000,269.2307692307692,7000000000,"0","0","0","0","0","0","0"
"2024-04-01",170,0.6538461538461539,1301350000,100,305,0.38461538461538464,608928571.4285715,1.1730769230769231,474908675.79908675,228,296,3,0.8769230769230769,684000000,1.1384615384615384,148000000,0.011538461538461539,9000000,70000,269.2307692307692,7000000000,"0","0","0","0","0","0","0"
"2024-04-02",170,0.6538461538461539,1301350000,100,305,0.38461538461538464,608928571.4285715,1.1730769230769231,474908675.79908675,229,296,3,0.8807692307692307,687000000,1.1384615384615384,148000000,0.011538461538461539,9000000,70000,269.2307692307692,7000000000,"0","0","0","0","0","0","0"
"2024-04-03",171,0.6576923076923077,1309005000,100,305,0.38461538461538464,608928571.4285715,1.1730769230769231,474908675.79908675,229,297,3,0.8807692307692307,687000000,1.1423076923076922,148500000,0.011538461538461539,9000000,70000,269.2307692307692,7000000000,70000,171,100,305,229,297,3
"2024-04-04",171,0.6576923076923077,1309005000,100,305,0.38461538461538464,608928571.4285715,1.1730769230769231,474908675.79908675,229,297,3,0.8807692307692307,687000000,1.1423076923076922,148500000,0.011538461538461539,9000000,70000,269.2307692307692,7000000000,"0","0","0","0","0","0","0"
"2024-04-05",171,0.6576923076923077,1309005000,100,305,0.38461538461538464,608928571.4285715,1.1730769230769231,474908675.79908675,229,297,3,0.8807692307692307,687000000,1.1423076923076922,148500000,0.011538461538461539,9000000,70000,269.2307692307692,7000000000,"0","0","0","0","0","0","0"
"2024-04-06",171,0.6576923076923077,1309005000,100,305,0.38461538461538464,608928571.4285715,1.1730769230769231,474908675.79908675,229,297,3,0.8807692307692307,687000000,1.1423076923076922,148500000,0.011538461538461539,9000000,70000,269.2307692307692,7000000000,"0","0","0","0","0","0","0"
"2024-04-07",171,0.6576923076923077,1309005000,100,305,0.38461538461538464,608928571.4285715,1.1730769230769231,474908675.79908675,229,297,3,0.8807692307692307,687000000,1.1423076923076922,148500000,0.011538461538461539,9000000,70000,269.2307692307692,7000000000,"0","0","0","0","0","0","0"
"2024-04-08",171,0.6576923076923077,1309005000,100,305,0.38461538461538464,608928571.4285715,1.1730769230769231,474908675.79908675,229,297,3,0.8807692307692307,687000000,1.1423076923076922,148500000,0.011538461538461539,9000000,70000,269.2307692307692,7000000000,70000,171,100,305,229,297,3
"2024-04-09",171,0.6576923076923077,1309005000,100,305,0.38461538461538464,608928571.4285715,1.1730769230769231,474908675.79908675,230,298,3,0.8846153846153846,690000000,1.146153846153846,149000000,0.011538461538461539,9000000,70000,269.2307692307692,7000000000,"0","0","0","0","0","0","0"
"2024-04-10",171,0.6576923076923077,1309005000,100,305,0.38461538461538464,608928571.4285715,1.1730769230769231,474908675.79908675,231,299,3,0.8884615384615384,693000000,1.15,149500000,0.011538461538461539,9000000,70000,269.2307692307692,7000000000,"0","0","0","0","0","0","0"
"2024-04-11",171,0.6576923076923077,1309005000,100,305,0.38461538461538464,608928571.4285715,1.1730769230769231,474908675.79908675,231,299,3,0.8884615384615384,693000000,1.15,149500000,0.011538461538461539,9000000,70000,269.2307692307692,7000000000,"0","0","0","0","0","0","0"
"2024-04-12",171,0.6576923076923077,1309005000,100,305,0.38461538461538464,608928571.4285715,1.1730769230769231,474908675.79908675,232,300,3,0.8923076923076924,696000000,1.1538461538461537,150000000,0.011538461538461539,9000000,70000,269.2307692307692,7000000000,"0","0","0","0","0","0","0"
"2024-04-13",171,0.6576923076923077,1309005000,100,305,0.38461538461538464,608928571.4285715,1.1730769230769231,474908675.79908675,233,301,3,0.8961538461538462,699000000,1.1576923076923078,150500000,0.011538461538461539,9000000,70000,269.2307692307692,7000000000,70000,171,100,305,233,301,3
"2024-04-14",172,0.6615384615384615,1316660000,101,306,0.38846153846153847,615017857.1428572,1.176923076923077,476465753.4246575,234,303,3,0.9,702000000,1.1653846153846155,151500000,0.011538461538461539,9000000,73200,281.53846153846155,7320000000,"0","0","0","0","0","0","0"
"2024-04-15",174,0.6692307692307692,1331970000,101,307,0.38846153846153847,615017857.1428572,1.1807692307692308,478022831.0502283,235,306,3,0.9038461538461539,705000000,1.176923076923077,153000000,0.011538461538461539,9000000,76400,293.84615384615387,7640000000,"0","0","0","0","0","0","0"
"2024-04-16",175,0.6730769230769231,1339625000,102,307,0.3923076923076923,621107142.8571429,1.1807692307692308,478022831.0502283,235,308,3,0.9038461538461539,705000000,1.1846153846153846,154000000,0.011538461538461539,9000000,79600,306.15384615384613,7960000000,"0","0","0","0","0","0","0"
"2024-04-17",177,0.6807692307692308,1354935000,102,308,0.3923076923076923,621107142.8571429,1.1846153846153846,479579908.6757991,236,311,3,0.9076923076923077,708000000,1.1961538461538461,155500000,0.011538461538461539,9000000,82800,318.46153846153845,8280000000,"0","0","0","0","0","0","0"
"2024-04-18",178,0.6846153846153846,1362590000,103,309,0.39615384615384613,627196428.5714287,1.1884615384615385,481136986.30136985,237,313,3,0.9115384615384615,711000000,1.2038461538461538,156500000,0.011538461538461539,9000000,86000,330.7692307692308,8600000000,86000,178,103,309,237,313,3
"2024-04-19",179,0.6884615384615385,1370245000,103,309,0.39615384615384613,627196428.5714287,1.1884615384615385,481136986.30136985,237,314,3,0.9115384615384615,711000000,1.2076923076923076,157000000,0.011538461538461539,9000000,86000,330.7692307692308,8600000000,"0","0","0","0","0","0","0"
"2024-04-20",179,0.6884615384615385,1370245000,103,309,0.39615384615384613,627196428.5714287,1.1884615384615385,481136986.30136985,238,315,3,0.9153846153846154,714000000,1.2115384615384615,157500000,0.011538461538461539,9000000,86000,330.7692307692308,8600000000,"0","0","0","0","0","0","0"
"2024-04-21",180,0.6923076923076923,1377900000,103,309,0.39615384615384613,627196428.5714287,1.1884615384615385,481136986.30136985,238,315,3,0.9153846153846154,714000000,1.2115384615384615,157500000,0.011538461538461539,9000000,86000,330.7692307692308,8600000000,"0","0","0","0","0","0","0"
"2024-04-22",180,0.6923076923076923,1377900000,103,309,0.39615384615384613,627196428.5714287,1.1884615384615385,481136986.30136985,239,316,3,0.9192307692307692,717000000,1.2153846153846153,158000000,0.011538461538461539,9000000,86000,330.7692307692308,8600000000,"0","0","0","0","0","0","0"
"2024-04-23",181,0.6961538461538461,1385555000,103,309,0.39615384615384613,627196428.5714287,1.1884615384615385,481136986.30136985,239,317,3,0.9192307692307692,717000000,1.2192307692307693,158500000,0.011538461538461539,9000000,86000,330.7692307692308,8600000000,86000,181,103,309,239,317,3
"2024-04-24",181,0.6961538461538461,1385555000,103,309,0.39615384615384613,627196428.5714287,1.1884615384615385,481136986.30136985,240,318,3,0.9230769230769231,720000000,1.2230769230769232,159000000,0.011538461538461539,9000000,86000,330.7692307692308,8600000000,"0","0","0","0","0","0","0"
"2024-04-25",181,0.6961538461538461,1385555000,103,310,0.39615384615384613,627196428.5714287,1.1923076923076923,482694063.9269406,241,319,3,0.926923076923077,723000000,1.226923076923077,159500000,0.011538461538461539,9000000,86000,330.7692307692308,8600000000,"0","0","0","0","0","0","0"
"2024-04-26",181,0.6961538461538461,1385555000,103,310,0.39615384615384613,627196428.5714287,1.1923076923076923,482694063.9269406,241,319,3,0.926923076923077,723000000,1.226923076923077,159500000,0.011538461538461539,9000000,86000,330.7692307692308,8600000000,"0","0","0","0","0","0","0"
"2024-04-27",181,0.6961538461538461,1385555000,103,311,0.39615384615384613,627196428.5714287,1.1961538461538461,484251141.5525114,242,320,3,0.9307692307692308,726000000,1.2307692307692308,160000000,0.011538461538461539,9000000,86000,330.7692307692308,8600000000,"0","0","0","0","0","0","0"
"2024-04-28",181,0.6961538461538461,1385555000,103,311,0.39615384615384613,627196428.5714287,1.1961538461538461,484251141.5525114,243,321,3,0.9346153846153846,729000000,1.2346153846153847,160500000,0.011538461538461539,9000000,86000,330.7692307692308,8600000000,86000,181,103,311,243,321,3
"2024-04-29",182,0.7,1393210000,103,311,0.39615384615384613,627196428.5714287,1.1961538461538461,484251141.5525114,243,321,3,0.9346153846153846,729000000,1.2346153846153847,160500000,0.011538461538461539,9000000,86000,330.7692307692308,8600000000,"0","0","0","0","0","0","0"
"2024-04-30",182,0.7,1393210000,103,311,0.39615384615384613,627196428.5714287,1.1961538461538461,484251141.5525114,243,321,3,0.9346153846153846,729000000,1.2346153846153847,160500000,0.011538461538461539,9000000,86000,330.7692307692308,8600000000,"0","0","0","0","0","0","0"
"2024-05-01",183,0.7038461538461539,1400865000,103,311,0.39615384615384613,627196428.5714287,1.1961538461538461,484251141.5525114,243,321,3,0.9346153846153846,729000000,1.2346153846153847,160500000,0.011538461538461539,9000000,86000,330.7692307692308,8600000000,"0","0","0","0","0","0","0"
"2024-05-02",183,0.7038461538461539,1400865000,103,311,0.39615384615384613,627196428.5714287,1.1961538461538461,484251141.5525114,243,321,3,0.9346153846153846,729000000,1.2346153846153847,160500000,0.011538461538461539,9000000,86000,330.7692307692308,8600000000,"0","0","0","0","0","0","0"
"2024-05-03",184,0.7076923076923077,1408520000,103,311,0.39615384615384613,627196428.5714287,1.1961538461538461,484251141.5525114,243,321,3,0.9346153846153846,729000000,1.2346153846153847,160500000,0.011538461538461539,9000000,86000,330.7692307692308,8600000000,86000,184,103,311,243,321,3
"2024-05-04",184,0.7076923076923077,1408520000,103,311,0.39615384615384613,627196428.5714287,1.1961538461538461,484251141.5525114,243,321,3,0.9346153846153846,729000000,1.2346153846153847,160500000,0.011538461538461539,9000000,86000,330.7692307692308,8600000000,"0","0","0","0","0","0","0"
"2024-05-05",185,0.7115384615384616,1416175000,103,311,0.39615384615384613,627196428.5714287,1.1961538461538461,484251141.5525114,243,321,3,0.9346153846153846,729000000,1.2346153846153847,160500000,0.011538461538461539,9000000,86000,330.7692307692308,8600000000,"0","0","0","0","0","0","0"
"2024-05-06",185,0.7115384615384616,1416175000,103,311,0.39615384615384613,627196428.5714287,1.1961538461538461,484251141.5525114,243,321,3,0.9346153846153846,729000000,1.2346153846153847,160500000,0.011538461538461539,9000000,86000,330.7692307692308,8600000000,"0","0","0","0","0","0","0"
"2024-05-07",186,0.7153846153846154,1423830000,103,311,0.39615384615384613,627196428.5714287,1.1961538461538461,484251141.5525114,243,321,3,0.9346153846153846,729000000,1.2346153846153847,160500000,0.011538461538461539,9000000,86000,330.7692307692308,8600000000,"0","0","0","0","0","0","0"
"2024-05-08",186,0.7153846153846154,1423830000,103,311,0.39615384615384613,627196428.5714287,1.1961538461538461,484251141.5525114,243,321,3,0.9346153846153846,729000000,1.2346153846153847,160500000,0.011538461538461539,9000000,86000,330.7692307692308,8600000000,86000,186,103,311,243,321,3
"2024-05-09",186,0.7153846153846154,1423830000,103,311,0.39615384615384613,627196428.5714287,1.1961538461538461,484251141.5525114,244,322,3,0.9384615384615385,732000000,1.2384615384615385,161000000,0.011538461538461539,9000000,86000,330.7692307692308,8600000000,"0","0","0","0","0","0","0"
"2024-05-10",186,0.7153846153846154,1423830000,103,311,0.39615384615384613,627196428.5714287,1.1961538461538461,484251141.5525114,245,323,3,0.9423076923076923,735000000,1.2423076923076923,161500000,0.011538461538461539,9000000,86000,330.7692307692308,8600000000,"0","0","0","0","0","0","0"
"2024-05-11",186,0.7153846153846154,1423830000,103,311,0.39615384615384613,627196428.5714287,1.1961538461538461,484251141.5525114,245,324,3,0.9423076923076923,735000000,1.2461538461538462,162000000,0.011538461538461539,9000000,86000,330.7692307692308,8600000000,"0","0","0","0","0","0","0"
"2024-05-12",186,0.7153846153846154,1423830000,103,311,0.39615384615384613,627196428.5714287,1.1961538461538461,484251141.5525114,246,325,3,0.9461538461538461,738000000,1.25,162500000,0.011538461538461539,9000000,86000,330.7692307692308,8600000000,"0","0","0","0","0","0","0"
"2024-05-13",186,0.7153846153846154,1423830000,103,311,0.39615384615384613,627196428.5714287,1.1961538461538461,484251141.5525114,247,326,3,0.95,741000000,1.2538461538461538,163000000,0.011538461538461539,9000000,86000,330.7692307692308,8600000000,86000,186,103,311,247,326,3
"2024-05-14",187,0.7192307692307692,1431485000,104,311,0.4,633285714.2857143,1.1961538461538461,484251141.5525114,604,200,3,2.3230769230769233,1812000000,0.7692307692307693,100000000,0.011538461538461539,9000000,86200,331.53846153846155,8620000000,"0","0","0","0","0","0","0"
"2024-05-15",187,0.7192307692307692,1431485000,105,312,0.40384615384615385,639375000,1.2,485808219.17808217,604,200,3,2.3230769230769233,1812000000,0.7692307692307693,100000000,0.011538461538461539,9000000,86400,332.3076923076923,8640000000,"0","0","0","0","0","0","0"
"2024-05-16",188,0.7230769230769231,1439140000,105,312,0.40384615384615385,639375000,1.2,485808219.17808217,604,200,3,2.3230769230769233,1812000000,0.7692307692307693,100000000,0.011538461538461539,9000000,86600,333.0769230769231,8660000000,"0","0","0","0","0","0","0"
"2024-05-17",188,0.7230769230769231,1439140000,106,313,0.4076923076923077,645464285.7142857,1.2038461538461538,487365296.80365294,604,200,3,2.3230769230769233,1812000000,0.7692307692307693,100000000,0.011538461538461539,9000000,86800,333.84615384615387,8680000000,"0","0","0","0","0","0","0"
"2024-05-18",189,0.7269230769230769,1446795000,107,313,0.4115384615384615,651553571.4285715,1.2038461538461538,487365296.80365294,604,200,3,2.3230769230769233,1812000000,0.7692307692307693,100000000,0.011538461538461539,9000000,87000,334.61538461538464,8700000000,87000,189,107,313,604,200,3
"2024-05-19",189,0.7269230769230769,1446795000,107,313,0.4115384615384615,651553571.4285715,1.2038461538461538,487365296.80365294,604,200,3,2.3230769230769233,1812000000,0.7692307692307693,100000000,0.011538461538461539,9000000,87000,334.61538461538464,8700000000,"0","0","0","0","0","0","0"
"2024-05-20",189,0.7269230769230769,1446795000,107,313,0.4115384615384615,651553571.4285715,1.2038461538461538,487365296.80365294,604,200,3,2.3230769230769233,1812000000,0.7692307692307693,100000000,0.011538461538461539,9000000,87000,334.61538461538464,8700000000,"0","0","0","0","0","0","0"
"2024-05-21",189,0.7269230769230769,1446795000,107,313,0.4115384615384615,651553571.4285715,1.2038461538461538,487365296.80365294,604,200,3,2.3230769230769233,1812000000,0.7692307692307693,100000000,0.011538461538461539,9000000,87000,334.61538461538464,8700000000,"0","0","0","0","0","0","0"
"2024-05-22",189,0.7269230769230769,1446795000,107,313,0.4115384615384615,651553571.4285715,1.2038461538461538,487365296.80365294,604,200,3,2.3230769230769233,1812000000,0.7692307692307693,100000000,0.011538461538461539,9000000,87000,334.61538461538464,8700000000,"0","0","0","0","0","0","0"
"2024-05-23",189,0.7269230769230769,1446795000,108,313,0.4153846153846154,657642857.1428572,1.2038461538461538,487365296.80365294,604,200,3,2.3230769230769233,1812000000,0.7692307692307693,100000000,0.011538461538461539,9000000,87000,334.61538461538464,8700000000,87000,189,108,313,604,200,3
"2024-05-24",189,0.7269230769230769,1446795000,108,313,0.4153846153846154,657642857.1428572,1.2038461538461538,487365296.80365294,604,200,3,2.3230769230769233,1812000000,0.7692307692307693,100000000,0.011538461538461539,9000000,87000,334.61538461538464,8700000000,"0","0","0","0","0","0","0"
"2024-05-25",189,0.7269230769230769,1446795000,108,313,0.4153846153846154,657642857.1428572,1.2038461538461538,487365296.80365294,604,200,3,2.3230769230769233,1812000000,0.7692307692307693,100000000,0.011538461538461539,9000000,87000,334.61538461538464,8700000000,"0","0","0","0","0","0","0"
"2024-05-26",189,0.7269230769230769,1446795000,108,313,0.4153846153846154,657642857.1428572,1.2038461538461538,487365296.80365294,604,200,3,2.3230769230769233,1812000000,0.7692307692307693,100000000,0.011538461538461539,9000000,87000,334.61538461538464,8700000000,"0","0","0","0","0","0","0"
"2024-05-27",189,0.7269230769230769,1446795000,108,313,0.4153846153846154,657642857.1428572,1.2038461538461538,487365296.80365294,604,200,3,2.3230769230769233,1812000000,0.7692307692307693,100000000,0.011538461538461539,9000000,87000,334.61538461538464,8700000000,"0","0","0","0","0","0","0"
"2024-05-28",190,0.7307692307692307,1454450000,109,316,0.41923076923076924,663732142.8571429,1.2153846153846153,492036529.68036526,604,200,3,2.3230769230769233,1812000000,0.7692307692307693,100000000,0.011538461538461539,9000000,87000,334.61538461538464,8700000000,87000,190,109,316,604,200,3
"2024-05-29",190,0.7307692307692307,1454450000,109,316,0.41923076923076924,663732142.8571429,1.2153846153846153,492036529.68036526,604,200,3,2.3230769230769233,1812000000,0.7692307692307693,100000000,0.011538461538461539,9000000,87000,334.61538461538464,8700000000,"0","0","0","0","0","0","0"
"2024-05-30",190,0.7307692307692307,1454450000,109,316,0.41923076923076924,663732142.8571429,1.2153846153846153,492036529.68036526,604,200,3,2.3230769230769233,1812000000,0.7692307692307693,100000000,0.011538461538461539,9000000,87000,334.61538461538464,8700000000,"0","0","0","0","0","0","0"
"2024-05-31",190,0.7307692307692307,1454450000,109,316,0.41923076923076924,663732142.8571429,1.2153846153846153,492036529.68036526,604,200,3,2.3230769230769233,1812000000,0.7692307692307693,100000000,0.011538461538461539,9000000,87000,334.61538461538464,8700000000,"0","0","0","0","0","0","0"
"2024-06-01",190,0.7307692307692307,1454450000,109,316,0.41923076923076924,663732142.8571429,1.2153846153846153,492036529.68036526,604,200,3,2.3230769230769233,1812000000,0.7692307692307693,100000000,0.011538461538461539,9000000,87000,334.61538461538464,8700000000,"0","0","0","0","0","0","0"
"2024-06-02",192,0.7384615384615385,1469760000,109,318,0.41923076923076924,663732142.8571429,1.2230769230769232,495150684.9315068,604,200,3,2.3230769230769233,1812000000,0.7692307692307693,100000000,0.011538461538461539,9000000,88300,339.61538461538464,8830000000,88300,192,109,318,604,200,3
"2024-06-03",192,0.7384615384615385,1469760000,109,318,0.41923076923076924,663732142.8571429,1.2230769230769232,495150684.9315068,604,200,3,2.3230769230769233,1812000000,0.7692307692307693,100000000,0.011538461538461539,9000000,88300,339.61538461538464,8830000000,"0","0","0","0","0","0","0"
"2024-06-04",192,0.7384615384615385,1469760000,109,318,0.41923076923076924,663732142.8571429,1.2230769230769232,495150684.9315068,604,200,3,2.3230769230769233,1812000000,0.7692307692307693,100000000,0.011538461538461539,9000000,88300,339.61538461538464,8830000000,"0","0","0","0","0","0","0"
"2024-06-05",192,0.7384615384615385,1469760000,109,318,0.41923076923076924,663732142.8571429,1.2230769230769232,495150684.9315068,604,200,3,2.3230769230769233,1812000000,0.7692307692307693,100000000,0.011538461538461539,9000000,88300,339.61538461538464,8830000000,"0","0","0","0","0","0","0"
"2024-06-06",192,0.7384615384615385,1469760000,109,318,0.41923076923076924,663732142.8571429,1.2230769230769232,495150684.9315068,604,200,3,2.3230769230769233,1812000000,0.7692307692307693,100000000,0.011538461538461539,9000000,88300,339.61538461538464,8830000000,"0","0","0","0","0","0","0"
"2024-06-07",192,0.7384615384615385,1469760000,110,319,0.4230769230769231,669821428.5714287,1.226923076923077,496707762.5570776,604,200,3,2.3230769230769233,1812000000,0.7692307692307693,100000000,0.011538461538461539,9000000,138300,531.9230769230769,13830000000,138300,192,110,319,604,200,3
"2024-06-08",192,0.7384615384615385,1469760000,110,319,0.4230769230769231,669821428.5714287,1.226923076923077,496707762.5570776,604,200,3,2.3230769230769233,1812000000,0.7692307692307693,100000000,0.011538461538461539,9000000,138300,531.9230769230769,13830000000,"0","0","0","0","0","0","0"
"2024-06-09",192,0.7384615384615385,1469760000,110,319,0.4230769230769231,669821428.5714287,1.226923076923077,496707762.5570776,604,200,3,2.3230769230769233,1812000000,0.7692307692307693,100000000,0.011538461538461539,9000000,138300,531.9230769230769,13830000000,"0","0","0","0","0","0","0"
"2024-06-10",192,0.7384615384615385,1469760000,110,319,0.4230769230769231,669821428.5714287,1.226923076923077,496707762.5570776,604,200,3,2.3230769230769233,1812000000,0.7692307692307693,100000000,0.011538461538461539,9000000,138300,531.9230769230769,13830000000,"0","0","0","0","0","0","0"
"2024-06-11",192,0.7384615384615385,1469760000,110,319,0.4230769230769231,669821428.5714287,1.226923076923077,496707762.5570776,604,200,3,2.3230769230769233,1812000000,0.7692307692307693,100000000,0.011538461538461539,9000000,138300,531.9230769230769,13830000000,"0","0","0","0","0","0","0"
"2024-06-12",194,0.7461538461538462,1485070000,110,321,0.4230769230769231,669821428.5714287,1.2346153846153847,499821917.80821913,604,200,3,2.3230769230769233,1812000000,0.7692307692307693,100000000,0.011538461538461539,9000000,138400,532.3076923076923,13840000000,138400,194,110,321,604,200,3
"2024-06-13",194,0.7461538461538462,1485070000,110,321,0.4230769230769231,669821428.5714287,1.2346153846153847,499821917.80821913,604,200,3,2.3230769230769233,1812000000,0.7692307692307693,100000000,0.011538461538461539,9000000,138400,532.3076923076923,13840000000,"0","0","0","0","0","0","0"
"2024-06-14",194,0.7461538461538462,1485070000,110,321,0.4230769230769231,669821428.5714287,1.2346153846153847,499821917.80821913,604,200,3,2.3230769230769233,1812000000,0.7692307692307693,100000000,0.011538461538461539,9000000,138400,532.3076923076923,13840000000,"0","0","0","0","0","0","0"
"2024-06-15",194,0.7461538461538462,1485070000,110,321,0.4230769230769231,669821428.5714287,1.2346153846153847,499821917.80821913,604,200,3,2.3230769230769233,1812000000,0.7692307692307693,100000000,0.011538461538461539,9000000,138400,532.3076923076923,13840000000,"0","0","0","0","0","0","0"
"2024-06-16",194,0.7461538461538462,1485070000,110,321,0.4230769230769231,669821428.5714287,1.2346153846153847,499821917.80821913,604,200,3,2.3230769230769233,1812000000,0.7692307692307693,100000000,0.011538461538461539,9000000,138400,532.3076923076923,13840000000,"0","0","0","0","0","0","0"
"2024-06-17",194,0.7461538461538462,1485070000,110,321,0.4230769230769231,669821428.5714287,1.2346153846153847,499821917.80821913,608,209,3,2.3384615384615386,1824000000,0.8038461538461539,104500000,0.011538461538461539,9000000,138400,532.3076923076923,13840000000,138400,194,110,321,608,209,3
"2024-06-18",194,0.7461538461538462,1485070000,110,321,0.4230769230769231,669821428.5714287,1.2346153846153847,499821917.80821913,608,209,3,2.3384615384615386,1824000000,0.8038461538461539,104500000,0.011538461538461539,9000000,138400,532.3076923076923,13840000000,"0","0","0","0","0","0","0"
"2024-06-19",194,0.7461538461538462,1485070000,110,321,0.4230769230769231,669821428.5714287,1.2346153846153847,499821917.80821913,608,209,3,2.3384615384615386,1824000000,0.8038461538461539,104500000,0.011538461538461539,9000000,138400,532.3076923076923,13840000000,"0","0","0","0","0","0","0"
"2024-06-20",194,0.7461538461538462,1485070000,110,321,0.4230769230769231,669821428.5714287,1.2346153846153847,499821917.80821913,608,209,3,2.3384615384615386,1824000000,0.8038461538461539,104500000,0.011538461538461539,9000000,138400,532.3076923076923,13840000000,"0","0","0","0","0","0","0"
"2024-06-21",194,0.7461538461538462,1485070000,110,321,0.4230769230769231,669821428.5714287,1.2346153846153847,499821917.80821913,608,209,3,2.3384615384615386,1824000000,0.8038461538461539,104500000,0.011538461538461539,9000000,138400,532.3076923076923,13840000000,"0","0","0","0","0","0","0"
"2024-06-22",194,0.7461538461538462,1485070000,110,321,0.4230769230769231,669821428.5714287,1.2346153846153847,499821917.80821913,608,209,3,2.3384615384615386,1824000000,0.8038461538461539,104500000,0.011538461538461539,9000000,150000,576.9230769230769,15000000000,150000,194,110,321,608,209,3